2026-01-09T10:52:07.077465,Rue Jules Ferry - Gare Saint-Roch,4,12
2026-01-09T10:52:07.077465,ComÃ©die,3,20
2026-01-09T10:52:07.077465,HÃ´tel de Ville,10,16
2026-01-09T10:52:07.077465,Corum,3,12
2026-01-09T10:52:07.077465,Place Albert 1er - St Charles,11,27
2026-01-09T10:52:07.077465,Foch,1,8
2026-01-09T10:52:07.077465,Halles Castellane,0,12
2026-01-09T10:52:07.077465,Observatoire,3,8
2026-01-09T10:52:07.077465,Rondelet,5,16
2026-01-09T10:52:07.077465,Plan Cabanes,6,12
2026-01-09T10:52:07.077465,Boutonnet,7,12
2026-01-09T10:52:07.077465,Emile Combes,4,8
2026-01-09T10:52:07.077465,Beaux-Arts,11,16
2026-01-09T10:52:07.077465,Les Aubes,4,8
2026-01-09T10:52:07.077465,Antigone centre,7,12
2026-01-09T10:52:07.077465,MÃ©diathÃ¨que Emile Zola,8,16
2026-01-09T10:52:07.077465,Nombre d Or,6,16
2026-01-09T10:52:07.077465,Louis Blanc,6,16
2026-01-09T10:52:07.077465,Gambetta,4,8
2026-01-09T10:52:07.077465,Port Marianne,10,16

2026-01-09 12:28:36,Rue Jules Ferry - Gare Saint-Roch,4,12
2026-01-09 12:28:36,Comédie,3,20
2026-01-09 12:28:36,Hôtel de Ville,10,16
2026-01-09 12:28:36,Corum,3,12
2026-01-09 12:28:36,Place Albert 1er - St Charles,10,27
2026-01-09 12:28:36,Foch,1,8
2026-01-09 12:28:36,Halles Castellane,0,12
2026-01-09 12:28:36,Observatoire,3,8
2026-01-09 12:28:36,Rondelet,5,16
2026-01-09 12:28:36,Plan Cabanes,6,12
2026-01-09 12:28:36,Boutonnet,7,12
2026-01-09 12:28:36,Emile Combes,4,8
2026-01-09 12:28:36,Beaux-Arts,10,16
2026-01-09 12:28:36,Les Aubes,4,8
2026-01-09 12:28:36,Antigone centre,8,12
2026-01-09 12:28:36,Médiathèque Emile Zola,8,16
2026-01-09 12:28:36,Nombre d Or,6,16
2026-01-09 12:28:36,Louis Blanc,6,16
2026-01-09 12:28:36,Gambetta,4,8
2026-01-09 12:28:36,Port Marianne,10,16
2026-01-09 12:45:44,Rue Jules Ferry - Gare Saint-Roch,4,12
2026-01-09 12:45:44,Comédie,3,20
2026-01-09 12:45:44,Hôtel de Ville,10,16
2026-01-09 12:45:44,Corum,3,12
2026-01-09 12:45:44,Place Albert 1er - St Charles,9,27
2026-01-09 12:45:44,Foch,1,8
2026-01-09 12:45:44,Halles Castellane,0,12
2026-01-09 12:45:44,Observatoire,3,8
2026-01-09 12:45:44,Rondelet,5,16
2026-01-09 12:45:44,Plan Cabanes,6,12
2026-01-09 12:45:44,Boutonnet,7,12
2026-01-09 12:45:44,Emile Combes,4,8
2026-01-09 12:45:44,Beaux-Arts,10,16
2026-01-09 12:45:44,Les Aubes,4,8
2026-01-09 12:45:44,Antigone centre,8,12
2026-01-09 12:45:44,Médiathèque Emile Zola,8,16
2026-01-09 12:45:44,Nombre d Or,5,16
2026-01-09 12:45:44,Louis Blanc,6,16
2026-01-09 12:45:44,Gambetta,4,8
2026-01-09 12:45:44,Port Marianne,10,16
2026-01-09 13:52:59,Rue Jules Ferry - Gare Saint-Roch,4,12
2026-01-09 13:52:59,Comédie,4,20
2026-01-09 13:52:59,Hôtel de Ville,10,16
2026-01-09 13:52:59,Corum,2,12
2026-01-09 13:52:59,Place Albert 1er - St Charles,8,27
2026-01-09 13:52:59,Foch,1,8
2026-01-09 13:52:59,Halles Castellane,0,12
2026-01-09 13:52:59,Observatoire,3,8
2026-01-09 13:52:59,Rondelet,5,16
2026-01-09 13:52:59,Plan Cabanes,6,12
2026-01-09 13:52:59,Boutonnet,7,12
2026-01-09 13:52:59,Emile Combes,5,8
2026-01-09 13:52:59,Beaux-Arts,11,16
2026-01-09 13:52:59,Les Aubes,4,8
2026-01-09 13:52:59,Antigone centre,8,12
2026-01-09 13:52:59,Médiathèque Emile Zola,7,16
2026-01-09 13:52:59,Nombre d Or,4,16
2026-01-09 13:52:59,Louis Blanc,6,16
2026-01-09 13:52:59,Gambetta,4,8
2026-01-09 13:52:59,Port Marianne,10,16
2026-01-09 14:40:26,Rue Jules Ferry - Gare Saint-Roch,3,12
2026-01-09 14:40:26,Comédie,4,20
2026-01-09 14:40:26,Hôtel de Ville,10,16
2026-01-09 14:40:26,Corum,2,12
2026-01-09 14:40:26,Place Albert 1er - St Charles,9,27
2026-01-09 14:40:26,Foch,1,8
2026-01-09 14:40:26,Halles Castellane,0,12
2026-01-09 14:40:26,Observatoire,3,8
2026-01-09 14:40:26,Rondelet,5,16
2026-01-09 14:40:26,Plan Cabanes,6,12
2026-01-09 14:40:26,Boutonnet,6,12
2026-01-09 14:40:26,Emile Combes,5,8
2026-01-09 14:40:26,Beaux-Arts,11,16
2026-01-09 14:40:26,Les Aubes,4,8
2026-01-09 14:40:26,Antigone centre,8,12
2026-01-09 14:40:26,Médiathèque Emile Zola,7,16
2026-01-09 14:40:26,Nombre d Or,4,16
2026-01-09 14:40:26,Louis Blanc,6,16
2026-01-09 14:40:26,Gambetta,4,8
2026-01-09 14:40:26,Port Marianne,11,16
2026-01-09 14:59:31,Rue Jules Ferry - Gare Saint-Roch,4,12
2026-01-09 14:59:31,Comédie,4,20
2026-01-09 14:59:31,Hôtel de Ville,10,16
2026-01-09 14:59:31,Corum,2,12
2026-01-09 14:59:31,Place Albert 1er - St Charles,10,27
2026-01-09 14:59:31,Foch,1,8
2026-01-09 14:59:31,Halles Castellane,0,12
2026-01-09 14:59:31,Observatoire,3,8
2026-01-09 14:59:31,Rondelet,5,16
2026-01-09 14:59:31,Plan Cabanes,6,12
2026-01-09 14:59:31,Boutonnet,5,12
2026-01-09 14:59:31,Emile Combes,5,8
2026-01-09 14:59:31,Beaux-Arts,11,16
2026-01-09 14:59:31,Les Aubes,4,8
2026-01-09 14:59:31,Antigone centre,8,12
2026-01-09 14:59:31,Médiathèque Emile Zola,7,16
2026-01-09 14:59:31,Nombre d Or,4,16
2026-01-09 14:59:31,Louis Blanc,6,16
2026-01-09 14:59:31,Gambetta,4,8
2026-01-09 14:59:31,Port Marianne,10,16
2026-01-09 15:35:27,Rue Jules Ferry - Gare Saint-Roch,5,12
2026-01-09 15:35:27,Comédie,4,20
2026-01-09 15:35:27,Hôtel de Ville,10,16
2026-01-09 15:35:27,Corum,3,12
2026-01-09 15:35:27,Place Albert 1er - St Charles,10,27
2026-01-09 15:35:27,Foch,1,8
2026-01-09 15:35:27,Halles Castellane,0,12
2026-01-09 15:35:27,Observatoire,3,8
2026-01-09 15:35:27,Rondelet,5,16
2026-01-09 15:35:27,Plan Cabanes,6,12
2026-01-09 15:35:27,Boutonnet,5,12
2026-01-09 15:35:27,Emile Combes,5,8
2026-01-09 15:35:27,Beaux-Arts,11,16
2026-01-09 15:35:27,Les Aubes,4,8
2026-01-09 15:35:27,Antigone centre,9,12
2026-01-09 15:35:27,Médiathèque Emile Zola,7,16
2026-01-09 15:35:27,Nombre d Or,4,16
2026-01-09 15:35:27,Louis Blanc,6,16
2026-01-09 15:35:27,Gambetta,4,8
2026-01-09 15:35:27,Port Marianne,9,16
2026-01-09 15:57:47,Rue Jules Ferry - Gare Saint-Roch,5,12
2026-01-09 15:57:47,Comédie,7,20
2026-01-09 15:57:47,Hôtel de Ville,10,16
2026-01-09 15:57:47,Corum,2,12
2026-01-09 15:57:47,Place Albert 1er - St Charles,10,27
2026-01-09 15:57:47,Foch,1,8
2026-01-09 15:57:47,Halles Castellane,0,12
2026-01-09 15:57:47,Observatoire,3,8
2026-01-09 15:57:47,Rondelet,5,16
2026-01-09 15:57:47,Plan Cabanes,6,12
2026-01-09 15:57:47,Boutonnet,5,12
2026-01-09 15:57:47,Emile Combes,5,8
2026-01-09 15:57:47,Beaux-Arts,11,16
2026-01-09 15:57:47,Les Aubes,4,8
2026-01-09 15:57:47,Antigone centre,9,12
2026-01-09 15:57:47,Médiathèque Emile Zola,7,16
2026-01-09 15:57:47,Nombre d Or,4,16
2026-01-09 15:57:47,Louis Blanc,6,16
2026-01-09 15:57:47,Gambetta,4,8
2026-01-09 15:57:47,Port Marianne,9,16
2026-01-09 16:33:53,Rue Jules Ferry - Gare Saint-Roch,5,12
2026-01-09 16:33:53,Comédie,8,20
2026-01-09 16:33:53,Hôtel de Ville,10,16
2026-01-09 16:33:53,Corum,2,12
2026-01-09 16:33:53,Place Albert 1er - St Charles,10,27
2026-01-09 16:33:53,Foch,1,8
2026-01-09 16:33:53,Halles Castellane,0,12
2026-01-09 16:33:53,Observatoire,3,8
2026-01-09 16:33:53,Rondelet,5,16
2026-01-09 16:33:53,Plan Cabanes,6,12
2026-01-09 16:33:53,Boutonnet,5,12
2026-01-09 16:33:53,Emile Combes,5,8
2026-01-09 16:33:53,Beaux-Arts,11,16
2026-01-09 16:33:53,Les Aubes,4,8
2026-01-09 16:33:53,Antigone centre,9,12
2026-01-09 16:33:53,Médiathèque Emile Zola,6,16
2026-01-09 16:33:53,Nombre d Or,4,16
2026-01-09 16:33:53,Louis Blanc,6,16
2026-01-09 16:33:53,Gambetta,4,8
2026-01-09 16:33:53,Port Marianne,9,16
2026-01-09 16:56:50,Rue Jules Ferry - Gare Saint-Roch,5,12
2026-01-09 16:56:50,Comédie,8,20
2026-01-09 16:56:50,Hôtel de Ville,11,16
2026-01-09 16:56:50,Corum,2,12
2026-01-09 16:56:50,Place Albert 1er - St Charles,10,27
2026-01-09 16:56:50,Foch,1,8
2026-01-09 16:56:50,Halles Castellane,0,12
2026-01-09 16:56:50,Observatoire,3,8
2026-01-09 16:56:50,Rondelet,5,16
2026-01-09 16:56:50,Plan Cabanes,6,12
2026-01-09 16:56:50,Boutonnet,4,12
2026-01-09 16:56:50,Emile Combes,5,8
2026-01-09 16:56:50,Beaux-Arts,11,16
2026-01-09 16:56:50,Les Aubes,4,8
2026-01-09 16:56:50,Antigone centre,9,12
2026-01-09 16:56:50,Médiathèque Emile Zola,6,16
2026-01-09 16:56:50,Nombre d Or,4,16
2026-01-09 16:56:50,Louis Blanc,7,16
2026-01-09 16:56:50,Gambetta,4,8
2026-01-09 16:56:50,Port Marianne,9,16
2026-01-09 17:38:31,Rue Jules Ferry - Gare Saint-Roch,5,12
2026-01-09 17:38:31,Comédie,9,20
2026-01-09 17:38:31,Hôtel de Ville,11,16
2026-01-09 17:38:31,Corum,2,12
2026-01-09 17:38:31,Place Albert 1er - St Charles,10,27
2026-01-09 17:38:31,Foch,1,8
2026-01-09 17:38:31,Halles Castellane,0,12
2026-01-09 17:38:31,Observatoire,3,8
2026-01-09 17:38:31,Rondelet,5,16
2026-01-09 17:38:31,Plan Cabanes,5,12
2026-01-09 17:38:31,Boutonnet,4,12
2026-01-09 17:38:31,Emile Combes,5,8
2026-01-09 17:38:31,Beaux-Arts,11,16
2026-01-09 17:38:31,Les Aubes,4,8
2026-01-09 17:38:31,Antigone centre,8,12
2026-01-09 17:38:31,Médiathèque Emile Zola,6,16
2026-01-09 17:38:31,Nombre d Or,4,16
2026-01-09 17:38:31,Louis Blanc,7,16
2026-01-09 17:38:31,Gambetta,4,8
2026-01-09 17:38:31,Port Marianne,9,16
2026-01-09 18:01:39,Rue Jules Ferry - Gare Saint-Roch,5,12
2026-01-09 18:01:39,Comédie,9,20
2026-01-09 18:01:39,Hôtel de Ville,11,16
2026-01-09 18:01:39,Corum,2,12
2026-01-09 18:01:39,Place Albert 1er - St Charles,10,27
2026-01-09 18:01:39,Foch,3,8
2026-01-09 18:01:39,Halles Castellane,0,12
2026-01-09 18:01:39,Observatoire,3,8
2026-01-09 18:01:39,Rondelet,5,16
2026-01-09 18:01:39,Plan Cabanes,5,12
2026-01-09 18:01:39,Boutonnet,4,12
2026-01-09 18:01:39,Emile Combes,5,8
2026-01-09 18:01:39,Beaux-Arts,11,16
2026-01-09 18:01:39,Les Aubes,4,8
2026-01-09 18:01:39,Antigone centre,8,12
2026-01-09 18:01:39,Médiathèque Emile Zola,6,16
2026-01-09 18:01:39,Nombre d Or,4,16
2026-01-09 18:01:39,Louis Blanc,8,16
2026-01-09 18:01:39,Gambetta,4,8
2026-01-09 18:01:39,Port Marianne,9,16
2026-01-09 18:39:35,Rue Jules Ferry - Gare Saint-Roch,6,12
2026-01-09 18:39:35,Comédie,9,20
2026-01-09 18:39:35,Hôtel de Ville,10,16
2026-01-09 18:39:35,Corum,2,12
2026-01-09 18:39:35,Place Albert 1er - St Charles,10,27
2026-01-09 18:39:35,Foch,1,8
2026-01-09 18:39:35,Halles Castellane,0,12
2026-01-09 18:39:35,Observatoire,3,8
2026-01-09 18:39:35,Rondelet,5,16
2026-01-09 18:39:35,Plan Cabanes,5,12
2026-01-09 18:39:35,Boutonnet,4,12
2026-01-09 18:39:35,Emile Combes,5,8
2026-01-09 18:39:35,Beaux-Arts,11,16
2026-01-09 18:39:35,Les Aubes,5,8
2026-01-09 18:39:35,Antigone centre,7,12
2026-01-09 18:39:35,Médiathèque Emile Zola,6,16
2026-01-09 18:39:35,Nombre d Or,4,16
2026-01-09 18:39:35,Louis Blanc,8,16
2026-01-09 18:39:35,Gambetta,4,8
2026-01-09 18:39:35,Port Marianne,9,16
2026-01-09 18:55:22,Rue Jules Ferry - Gare Saint-Roch,6,12
2026-01-09 18:55:22,Comédie,9,20
2026-01-09 18:55:22,Hôtel de Ville,10,16
2026-01-09 18:55:22,Corum,2,12
2026-01-09 18:55:22,Place Albert 1er - St Charles,10,27
2026-01-09 18:55:22,Foch,1,8
2026-01-09 18:55:22,Halles Castellane,0,12
2026-01-09 18:55:22,Observatoire,3,8
2026-01-09 18:55:22,Rondelet,5,16
2026-01-09 18:55:22,Plan Cabanes,5,12
2026-01-09 18:55:22,Boutonnet,4,12
2026-01-09 18:55:22,Emile Combes,5,8
2026-01-09 18:55:22,Beaux-Arts,11,16
2026-01-09 18:55:22,Les Aubes,5,8
2026-01-09 18:55:22,Antigone centre,7,12
2026-01-09 18:55:22,Médiathèque Emile Zola,6,16
2026-01-09 18:55:22,Nombre d Or,4,16
2026-01-09 18:55:22,Louis Blanc,8,16
2026-01-09 18:55:22,Gambetta,4,8
2026-01-09 18:55:22,Port Marianne,9,16
2026-01-09 19:37:53,Rue Jules Ferry - Gare Saint-Roch,6,12
2026-01-09 19:37:53,Comédie,11,20
2026-01-09 19:37:53,Hôtel de Ville,9,16
2026-01-09 19:37:53,Corum,2,12
2026-01-09 19:37:53,Place Albert 1er - St Charles,8,27
2026-01-09 19:37:53,Foch,1,8
2026-01-09 19:37:53,Halles Castellane,0,12
2026-01-09 19:37:53,Observatoire,4,8
2026-01-09 19:37:53,Rondelet,5,16
2026-01-09 19:37:53,Plan Cabanes,4,12
2026-01-09 19:37:53,Boutonnet,4,12
2026-01-09 19:37:53,Emile Combes,5,8
2026-01-09 19:37:53,Beaux-Arts,11,16
2026-01-09 19:37:53,Les Aubes,4,8
2026-01-09 19:37:53,Antigone centre,7,12
2026-01-09 19:37:53,Médiathèque Emile Zola,6,16
2026-01-09 19:37:53,Nombre d Or,4,16
2026-01-09 19:37:53,Louis Blanc,8,16
2026-01-09 19:37:53,Gambetta,4,8
2026-01-09 19:37:53,Port Marianne,9,16
2026-01-09 20:00:59,Rue Jules Ferry - Gare Saint-Roch,6,12
2026-01-09 20:00:59,Comédie,11,20
2026-01-09 20:00:59,Hôtel de Ville,9,16
2026-01-09 20:00:59,Corum,2,12
2026-01-09 20:00:59,Place Albert 1er - St Charles,9,27
2026-01-09 20:00:59,Foch,1,8
2026-01-09 20:00:59,Halles Castellane,0,12
2026-01-09 20:00:59,Observatoire,4,8
2026-01-09 20:00:59,Rondelet,5,16
2026-01-09 20:00:59,Plan Cabanes,4,12
2026-01-09 20:00:59,Boutonnet,4,12
2026-01-09 20:00:59,Emile Combes,5,8
2026-01-09 20:00:59,Beaux-Arts,11,16
2026-01-09 20:00:59,Les Aubes,4,8
2026-01-09 20:00:59,Antigone centre,7,12
2026-01-09 20:00:59,Médiathèque Emile Zola,6,16
2026-01-09 20:00:59,Nombre d Or,4,16
2026-01-09 20:00:59,Louis Blanc,8,16
2026-01-09 20:00:59,Gambetta,4,8
2026-01-09 20:00:59,Port Marianne,9,16
2026-01-09 20:31:26,Rue Jules Ferry - Gare Saint-Roch,7,12
2026-01-09 20:31:26,Comédie,11,20
2026-01-09 20:31:26,Hôtel de Ville,9,16
2026-01-09 20:31:26,Corum,2,12
2026-01-09 20:31:26,Place Albert 1er - St Charles,9,27
2026-01-09 20:31:26,Foch,1,8
2026-01-09 20:31:26,Halles Castellane,0,12
2026-01-09 20:31:26,Observatoire,4,8
2026-01-09 20:31:26,Rondelet,5,16
2026-01-09 20:31:26,Plan Cabanes,4,12
2026-01-09 20:31:26,Boutonnet,4,12
2026-01-09 20:31:26,Emile Combes,5,8
2026-01-09 20:31:26,Beaux-Arts,11,16
2026-01-09 20:31:26,Les Aubes,4,8
2026-01-09 20:31:26,Antigone centre,7,12
2026-01-09 20:31:26,Médiathèque Emile Zola,6,16
2026-01-09 20:31:26,Nombre d Or,4,16
2026-01-09 20:31:26,Louis Blanc,8,16
2026-01-09 20:31:26,Gambetta,4,8
2026-01-09 20:31:26,Port Marianne,9,16
2026-01-09 20:52:11,Rue Jules Ferry - Gare Saint-Roch,7,12
2026-01-09 20:52:11,Comédie,11,20
2026-01-09 20:52:11,Hôtel de Ville,9,16
2026-01-09 20:52:11,Corum,2,12
2026-01-09 20:52:11,Place Albert 1er - St Charles,9,27
2026-01-09 20:52:11,Foch,1,8
2026-01-09 20:52:11,Halles Castellane,0,12
2026-01-09 20:52:11,Observatoire,4,8
2026-01-09 20:52:11,Rondelet,5,16
2026-01-09 20:52:11,Plan Cabanes,5,12
2026-01-09 20:52:11,Boutonnet,4,12
2026-01-09 20:52:11,Emile Combes,5,8
2026-01-09 20:52:11,Beaux-Arts,11,16
2026-01-09 20:52:11,Les Aubes,5,8
2026-01-09 20:52:11,Antigone centre,7,12
2026-01-09 20:52:11,Médiathèque Emile Zola,6,16
2026-01-09 20:52:11,Nombre d Or,4,16
2026-01-09 20:52:11,Louis Blanc,8,16
2026-01-09 20:52:11,Gambetta,4,8
2026-01-09 20:52:11,Port Marianne,9,16
2026-01-09 21:29:03,Rue Jules Ferry - Gare Saint-Roch,7,12
2026-01-09 21:29:03,Comédie,10,20
2026-01-09 21:29:03,Hôtel de Ville,9,16
2026-01-09 21:29:03,Corum,2,12
2026-01-09 21:29:03,Place Albert 1er - St Charles,11,27
2026-01-09 21:29:03,Foch,1,8
2026-01-09 21:29:03,Halles Castellane,0,12
2026-01-09 21:29:03,Observatoire,4,8
2026-01-09 21:29:03,Rondelet,5,16
2026-01-09 21:29:03,Plan Cabanes,5,12
2026-01-09 21:29:03,Boutonnet,2,12
2026-01-09 21:29:03,Emile Combes,5,8
2026-01-09 21:29:03,Beaux-Arts,11,16
2026-01-09 21:29:03,Les Aubes,5,8
2026-01-09 21:29:03,Antigone centre,7,12
2026-01-09 21:29:03,Médiathèque Emile Zola,6,16
2026-01-09 21:29:03,Nombre d Or,4,16
2026-01-09 21:29:03,Louis Blanc,8,16
2026-01-09 21:29:03,Gambetta,4,8
2026-01-09 21:29:03,Port Marianne,9,16
2026-01-09 21:49:22,Rue Jules Ferry - Gare Saint-Roch,7,12
2026-01-09 21:49:22,Comédie,10,20
2026-01-09 21:49:22,Hôtel de Ville,9,16
2026-01-09 21:49:22,Corum,3,12
2026-01-09 21:49:22,Place Albert 1er - St Charles,11,27
2026-01-09 21:49:22,Foch,1,8
2026-01-09 21:49:22,Halles Castellane,0,12
2026-01-09 21:49:22,Observatoire,4,8
2026-01-09 21:49:22,Rondelet,5,16
2026-01-09 21:49:22,Plan Cabanes,5,12
2026-01-09 21:49:22,Boutonnet,2,12
2026-01-09 21:49:22,Emile Combes,5,8
2026-01-09 21:49:22,Beaux-Arts,11,16
2026-01-09 21:49:22,Les Aubes,5,8
2026-01-09 21:49:22,Antigone centre,7,12
2026-01-09 21:49:22,Médiathèque Emile Zola,6,16
2026-01-09 21:49:22,Nombre d Or,4,16
2026-01-09 21:49:22,Louis Blanc,8,16
2026-01-09 21:49:22,Gambetta,4,8
2026-01-09 21:49:22,Port Marianne,9,16
2026-01-09 22:25:04,Rue Jules Ferry - Gare Saint-Roch,7,12
2026-01-09 22:25:04,Comédie,10,20
2026-01-09 22:25:04,Hôtel de Ville,10,16
2026-01-09 22:25:04,Corum,3,12
2026-01-09 22:25:04,Place Albert 1er - St Charles,11,27
2026-01-09 22:25:04,Foch,1,8
2026-01-09 22:25:04,Halles Castellane,0,12
2026-01-09 22:25:04,Observatoire,4,8
2026-01-09 22:25:04,Rondelet,5,16
2026-01-09 22:25:04,Plan Cabanes,5,12
2026-01-09 22:25:04,Boutonnet,2,12
2026-01-09 22:25:04,Emile Combes,5,8
2026-01-09 22:25:04,Beaux-Arts,11,16
2026-01-09 22:25:04,Les Aubes,5,8
2026-01-09 22:25:04,Antigone centre,7,12
2026-01-09 22:25:04,Médiathèque Emile Zola,6,16
2026-01-09 22:25:04,Nombre d Or,3,16
2026-01-09 22:25:04,Louis Blanc,8,16
2026-01-09 22:25:04,Gambetta,4,8
2026-01-09 22:25:04,Port Marianne,9,16
2026-01-09 22:43:28,Rue Jules Ferry - Gare Saint-Roch,7,12
2026-01-09 22:43:28,Comédie,10,20
2026-01-09 22:43:28,Hôtel de Ville,11,16
2026-01-09 22:43:28,Corum,3,12
2026-01-09 22:43:28,Place Albert 1er - St Charles,11,27
2026-01-09 22:43:28,Foch,1,8
2026-01-09 22:43:28,Halles Castellane,0,12
2026-01-09 22:43:28,Observatoire,4,8
2026-01-09 22:43:28,Rondelet,5,16
2026-01-09 22:43:28,Plan Cabanes,5,12
2026-01-09 22:43:28,Boutonnet,2,12
2026-01-09 22:43:28,Emile Combes,5,8
2026-01-09 22:43:28,Beaux-Arts,11,16
2026-01-09 22:43:28,Les Aubes,5,8
2026-01-09 22:43:28,Antigone centre,7,12
2026-01-09 22:43:28,Médiathèque Emile Zola,6,16
2026-01-09 22:43:28,Nombre d Or,3,16
2026-01-09 22:43:28,Louis Blanc,8,16
2026-01-09 22:43:28,Gambetta,4,8
2026-01-09 22:43:28,Port Marianne,9,16
2026-01-09 22:55:32,Rue Jules Ferry - Gare Saint-Roch,7,12
2026-01-09 22:55:32,Comédie,10,20
2026-01-09 22:55:32,Hôtel de Ville,11,16
2026-01-09 22:55:32,Corum,3,12
2026-01-09 22:55:32,Place Albert 1er - St Charles,11,27
2026-01-09 22:55:32,Foch,1,8
2026-01-09 22:55:32,Halles Castellane,0,12
2026-01-09 22:55:32,Observatoire,4,8
2026-01-09 22:55:32,Rondelet,5,16
2026-01-09 22:55:32,Plan Cabanes,5,12
2026-01-09 22:55:32,Boutonnet,2,12
2026-01-09 22:55:32,Emile Combes,5,8
2026-01-09 22:55:32,Beaux-Arts,11,16
2026-01-09 22:55:32,Les Aubes,5,8
2026-01-09 22:55:32,Antigone centre,7,12
2026-01-09 22:55:32,Médiathèque Emile Zola,6,16
2026-01-09 22:55:32,Nombre d Or,3,16
2026-01-09 22:55:32,Louis Blanc,8,16
2026-01-09 22:55:32,Gambetta,4,8
2026-01-09 22:55:32,Port Marianne,9,16
2026-01-09 23:26:18,Rue Jules Ferry - Gare Saint-Roch,7,12
2026-01-09 23:26:18,Comédie,9,20
2026-01-09 23:26:18,Hôtel de Ville,11,16
2026-01-09 23:26:18,Corum,1,12
2026-01-09 23:26:18,Place Albert 1er - St Charles,11,27
2026-01-09 23:26:18,Foch,1,8
2026-01-09 23:26:18,Halles Castellane,0,12
2026-01-09 23:26:18,Observatoire,4,8
2026-01-09 23:26:18,Rondelet,5,16
2026-01-09 23:26:18,Plan Cabanes,5,12
2026-01-09 23:26:18,Boutonnet,2,12
2026-01-09 23:26:18,Emile Combes,5,8
2026-01-09 23:26:18,Beaux-Arts,11,16
2026-01-09 23:26:18,Les Aubes,6,8
2026-01-09 23:26:18,Antigone centre,7,12
2026-01-09 23:26:18,Médiathèque Emile Zola,5,16
2026-01-09 23:26:18,Nombre d Or,3,16
2026-01-09 23:26:18,Louis Blanc,7,16
2026-01-09 23:26:18,Gambetta,4,8
2026-01-09 23:26:18,Port Marianne,9,16
2026-01-09 23:47:18,Rue Jules Ferry - Gare Saint-Roch,7,12
2026-01-09 23:47:18,Comédie,9,20
2026-01-09 23:47:18,Hôtel de Ville,11,16
2026-01-09 23:47:18,Corum,1,12
2026-01-09 23:47:18,Place Albert 1er - St Charles,11,27
2026-01-09 23:47:18,Foch,1,8
2026-01-09 23:47:18,Halles Castellane,0,12
2026-01-09 23:47:18,Observatoire,5,8
2026-01-09 23:47:18,Rondelet,5,16
2026-01-09 23:47:18,Plan Cabanes,5,12
2026-01-09 23:47:18,Boutonnet,2,12
2026-01-09 23:47:18,Emile Combes,5,8
2026-01-09 23:47:18,Beaux-Arts,11,16
2026-01-09 23:47:18,Les Aubes,6,8
2026-01-09 23:47:18,Antigone centre,7,12
2026-01-09 23:47:18,Médiathèque Emile Zola,5,16
2026-01-09 23:47:18,Nombre d Or,3,16
2026-01-09 23:47:18,Louis Blanc,7,16
2026-01-09 23:47:18,Gambetta,4,8
2026-01-09 23:47:18,Port Marianne,9,16
2026-01-10 00:23:57,Rue Jules Ferry - Gare Saint-Roch,7,12
2026-01-10 00:23:57,Comédie,9,20
2026-01-10 00:23:57,Hôtel de Ville,11,16
2026-01-10 00:23:57,Corum,1,12
2026-01-10 00:23:57,Place Albert 1er - St Charles,11,27
2026-01-10 00:23:57,Foch,1,8
2026-01-10 00:23:57,Halles Castellane,0,12
2026-01-10 00:23:57,Observatoire,3,8
2026-01-10 00:23:57,Rondelet,5,16
2026-01-10 00:23:57,Plan Cabanes,6,12
2026-01-10 00:23:57,Boutonnet,2,12
2026-01-10 00:23:57,Emile Combes,5,8
2026-01-10 00:23:57,Beaux-Arts,11,16
2026-01-10 00:23:57,Les Aubes,6,8
2026-01-10 00:23:57,Antigone centre,7,12
2026-01-10 00:23:57,Médiathèque Emile Zola,5,16
2026-01-10 00:23:57,Nombre d Or,3,16
2026-01-10 00:23:57,Louis Blanc,7,16
2026-01-10 00:23:57,Gambetta,4,8
2026-01-10 00:23:57,Port Marianne,9,16
2026-01-10 00:43:06,Rue Jules Ferry - Gare Saint-Roch,7,12
2026-01-10 00:43:06,Comédie,9,20
2026-01-10 00:43:06,Hôtel de Ville,11,16
2026-01-10 00:43:06,Corum,1,12
2026-01-10 00:43:06,Place Albert 1er - St Charles,11,27
2026-01-10 00:43:06,Foch,1,8
2026-01-10 00:43:06,Halles Castellane,0,12
2026-01-10 00:43:06,Observatoire,3,8
2026-01-10 00:43:06,Rondelet,5,16
2026-01-10 00:43:06,Plan Cabanes,6,12
2026-01-10 00:43:06,Boutonnet,2,12
2026-01-10 00:43:06,Emile Combes,5,8
2026-01-10 00:43:06,Beaux-Arts,11,16
2026-01-10 00:43:06,Les Aubes,6,8
2026-01-10 00:43:06,Antigone centre,7,12
2026-01-10 00:43:06,Médiathèque Emile Zola,5,16
2026-01-10 00:43:06,Nombre d Or,3,16
2026-01-10 00:43:06,Louis Blanc,7,16
2026-01-10 00:43:06,Gambetta,4,8
2026-01-10 00:43:06,Port Marianne,9,16
2026-01-10 00:55:14,Rue Jules Ferry - Gare Saint-Roch,7,12
2026-01-10 00:55:14,Comédie,9,20
2026-01-10 00:55:14,Hôtel de Ville,11,16
2026-01-10 00:55:14,Corum,1,12
2026-01-10 00:55:14,Place Albert 1er - St Charles,11,27
2026-01-10 00:55:14,Foch,1,8
2026-01-10 00:55:14,Halles Castellane,0,12
2026-01-10 00:55:14,Observatoire,3,8
2026-01-10 00:55:14,Rondelet,5,16
2026-01-10 00:55:14,Plan Cabanes,6,12
2026-01-10 00:55:14,Boutonnet,2,12
2026-01-10 00:55:14,Emile Combes,5,8
2026-01-10 00:55:14,Beaux-Arts,11,16
2026-01-10 00:55:14,Les Aubes,6,8
2026-01-10 00:55:14,Antigone centre,7,12
2026-01-10 00:55:14,Médiathèque Emile Zola,5,16
2026-01-10 00:55:14,Nombre d Or,3,16
2026-01-10 00:55:14,Louis Blanc,7,16
2026-01-10 00:55:14,Gambetta,4,8
2026-01-10 00:55:14,Port Marianne,9,16
2026-01-10 02:57:25,Rue Jules Ferry - Gare Saint-Roch,2,12
2026-01-10 02:57:25,Comédie,7,20
2026-01-10 02:57:25,Hôtel de Ville,11,16
2026-01-10 02:57:25,Corum,1,12
2026-01-10 02:57:25,Place Albert 1er - St Charles,13,27
2026-01-10 02:57:25,Foch,1,8
2026-01-10 02:57:25,Halles Castellane,0,12
2026-01-10 02:57:25,Observatoire,2,8
2026-01-10 02:57:25,Rondelet,5,16
2026-01-10 02:57:25,Plan Cabanes,6,12
2026-01-10 02:57:25,Boutonnet,2,12
2026-01-10 02:57:25,Emile Combes,5,8
2026-01-10 02:57:25,Beaux-Arts,11,16
2026-01-10 02:57:25,Les Aubes,7,8
2026-01-10 02:57:25,Antigone centre,7,12
2026-01-10 02:57:25,Médiathèque Emile Zola,5,16
2026-01-10 02:57:25,Nombre d Or,3,16
2026-01-10 02:57:25,Louis Blanc,7,16
2026-01-10 02:57:25,Gambetta,4,8
2026-01-10 02:57:25,Port Marianne,10,16
2026-01-10 04:38:17,Rue Jules Ferry - Gare Saint-Roch,2,12
2026-01-10 04:38:17,Comédie,6,20
2026-01-10 04:38:17,Hôtel de Ville,11,16
2026-01-10 04:38:17,Corum,0,12
2026-01-10 04:38:17,Place Albert 1er - St Charles,14,27
2026-01-10 04:38:17,Foch,1,8
2026-01-10 04:38:17,Halles Castellane,0,12
2026-01-10 04:38:17,Observatoire,2,8
2026-01-10 04:38:17,Rondelet,5,16
2026-01-10 04:38:17,Plan Cabanes,5,12
2026-01-10 04:38:17,Boutonnet,3,12
2026-01-10 04:38:17,Emile Combes,5,8
2026-01-10 04:38:17,Beaux-Arts,11,16
2026-01-10 04:38:17,Les Aubes,7,8
2026-01-10 04:38:17,Antigone centre,7,12
2026-01-10 04:38:17,Médiathèque Emile Zola,5,16
2026-01-10 04:38:17,Nombre d Or,3,16
2026-01-10 04:38:17,Louis Blanc,4,16
2026-01-10 04:38:17,Gambetta,4,8
2026-01-10 04:38:17,Port Marianne,10,16
2026-01-10 05:20:10,Rue Jules Ferry - Gare Saint-Roch,2,12
2026-01-10 05:20:10,Comédie,2,20
2026-01-10 05:20:10,Hôtel de Ville,11,16
2026-01-10 05:20:10,Corum,0,12
2026-01-10 05:20:10,Place Albert 1er - St Charles,14,27
2026-01-10 05:20:10,Foch,1,8
2026-01-10 05:20:10,Halles Castellane,0,12
2026-01-10 05:20:10,Observatoire,2,8
2026-01-10 05:20:10,Rondelet,5,16
2026-01-10 05:20:10,Plan Cabanes,5,12
2026-01-10 05:20:10,Boutonnet,4,12
2026-01-10 05:20:10,Emile Combes,5,8
2026-01-10 05:20:10,Beaux-Arts,11,16
2026-01-10 05:20:10,Les Aubes,7,8
2026-01-10 05:20:10,Antigone centre,7,12
2026-01-10 05:20:10,Médiathèque Emile Zola,5,16
2026-01-10 05:20:10,Nombre d Or,3,16
2026-01-10 05:20:10,Louis Blanc,2,16
2026-01-10 05:20:10,Gambetta,4,8
2026-01-10 05:20:10,Port Marianne,10,16
2026-01-10 05:55:13,Rue Jules Ferry - Gare Saint-Roch,2,12
2026-01-10 05:55:13,Comédie,2,20
2026-01-10 05:55:13,Hôtel de Ville,11,16
2026-01-10 05:55:13,Corum,0,12
2026-01-10 05:55:13,Place Albert 1er - St Charles,12,27
2026-01-10 05:55:13,Foch,1,8
2026-01-10 05:55:13,Halles Castellane,0,12
2026-01-10 05:55:13,Observatoire,2,8
2026-01-10 05:55:13,Rondelet,5,16
2026-01-10 05:55:13,Plan Cabanes,5,12
2026-01-10 05:55:13,Boutonnet,4,12
2026-01-10 05:55:13,Emile Combes,5,8
2026-01-10 05:55:13,Beaux-Arts,11,16
2026-01-10 05:55:13,Les Aubes,7,8
2026-01-10 05:55:13,Antigone centre,7,12
2026-01-10 05:55:13,Médiathèque Emile Zola,5,16
2026-01-10 05:55:13,Nombre d Or,3,16
2026-01-10 05:55:13,Louis Blanc,2,16
2026-01-10 05:55:13,Gambetta,4,8
2026-01-10 05:55:13,Port Marianne,10,16
2026-01-10 06:25:57,Rue Jules Ferry - Gare Saint-Roch,2,12
2026-01-10 06:25:57,Comédie,2,20
2026-01-10 06:25:57,Hôtel de Ville,11,16
2026-01-10 06:25:57,Corum,2,12
2026-01-10 06:25:57,Place Albert 1er - St Charles,14,27
2026-01-10 06:25:57,Foch,1,8
2026-01-10 06:25:57,Halles Castellane,0,12
2026-01-10 06:25:57,Observatoire,2,8
2026-01-10 06:25:57,Rondelet,5,16
2026-01-10 06:25:57,Plan Cabanes,5,12
2026-01-10 06:25:57,Boutonnet,4,12
2026-01-10 06:25:57,Emile Combes,5,8
2026-01-10 06:25:57,Beaux-Arts,11,16
2026-01-10 06:25:57,Les Aubes,7,8
2026-01-10 06:25:57,Antigone centre,7,12
2026-01-10 06:25:57,Médiathèque Emile Zola,5,16
2026-01-10 06:25:57,Nombre d Or,3,16
2026-01-10 06:25:57,Louis Blanc,2,16
2026-01-10 06:25:57,Gambetta,4,8
2026-01-10 06:25:57,Port Marianne,10,16
2026-01-10 06:46:10,Rue Jules Ferry - Gare Saint-Roch,2,12
2026-01-10 06:46:10,Comédie,2,20
2026-01-10 06:46:10,Hôtel de Ville,11,16
2026-01-10 06:46:10,Corum,1,12
2026-01-10 06:46:10,Place Albert 1er - St Charles,14,27
2026-01-10 06:46:10,Foch,1,8
2026-01-10 06:46:10,Halles Castellane,0,12
2026-01-10 06:46:10,Observatoire,2,8
2026-01-10 06:46:10,Rondelet,5,16
2026-01-10 06:46:10,Plan Cabanes,5,12
2026-01-10 06:46:10,Boutonnet,4,12
2026-01-10 06:46:10,Emile Combes,5,8
2026-01-10 06:46:10,Beaux-Arts,11,16
2026-01-10 06:46:10,Les Aubes,7,8
2026-01-10 06:46:10,Antigone centre,7,12
2026-01-10 06:46:10,Médiathèque Emile Zola,5,16
2026-01-10 06:46:10,Nombre d Or,3,16
2026-01-10 06:46:10,Louis Blanc,2,16
2026-01-10 06:46:10,Gambetta,4,8
2026-01-10 06:46:10,Port Marianne,10,16
2026-01-10 07:35:24,Rue Jules Ferry - Gare Saint-Roch,2,12
2026-01-10 07:35:24,Comédie,2,20
2026-01-10 07:35:24,Hôtel de Ville,11,16
2026-01-10 07:35:24,Corum,2,12
2026-01-10 07:35:24,Place Albert 1er - St Charles,14,27
2026-01-10 07:35:24,Foch,1,8
2026-01-10 07:35:24,Halles Castellane,0,12
2026-01-10 07:35:24,Observatoire,2,8
2026-01-10 07:35:24,Rondelet,5,16
2026-01-10 07:35:24,Plan Cabanes,5,12
2026-01-10 07:35:24,Boutonnet,4,12
2026-01-10 07:35:24,Emile Combes,5,8
2026-01-10 07:35:24,Beaux-Arts,11,16
2026-01-10 07:35:24,Les Aubes,7,8
2026-01-10 07:35:24,Antigone centre,7,12
2026-01-10 07:35:24,Médiathèque Emile Zola,5,16
2026-01-10 07:35:24,Nombre d Or,3,16
2026-01-10 07:35:24,Louis Blanc,1,16
2026-01-10 07:35:24,Gambetta,4,8
2026-01-10 07:35:24,Port Marianne,10,16
2026-01-10 07:58:12,Rue Jules Ferry - Gare Saint-Roch,2,12
2026-01-10 07:58:12,Comédie,2,20
2026-01-10 07:58:12,Hôtel de Ville,11,16
2026-01-10 07:58:12,Corum,2,12
2026-01-10 07:58:12,Place Albert 1er - St Charles,14,27
2026-01-10 07:58:12,Foch,1,8
2026-01-10 07:58:12,Halles Castellane,0,12
2026-01-10 07:58:12,Observatoire,2,8
2026-01-10 07:58:12,Rondelet,5,16
2026-01-10 07:58:12,Plan Cabanes,5,12
2026-01-10 07:58:12,Boutonnet,4,12
2026-01-10 07:58:12,Emile Combes,5,8
2026-01-10 07:58:12,Beaux-Arts,11,16
2026-01-10 07:58:12,Les Aubes,7,8
2026-01-10 07:58:12,Antigone centre,7,12
2026-01-10 07:58:12,Médiathèque Emile Zola,5,16
2026-01-10 07:58:12,Nombre d Or,3,16
2026-01-10 07:58:12,Louis Blanc,1,16
2026-01-10 07:58:12,Gambetta,4,8
2026-01-10 07:58:12,Port Marianne,10,16
2026-01-10 08:27:22,Rue Jules Ferry - Gare Saint-Roch,2,12
2026-01-10 08:27:22,Comédie,2,20
2026-01-10 08:27:22,Hôtel de Ville,11,16
2026-01-10 08:27:22,Corum,2,12
2026-01-10 08:27:22,Place Albert 1er - St Charles,14,27
2026-01-10 08:27:22,Foch,1,8
2026-01-10 08:27:22,Halles Castellane,0,12
2026-01-10 08:27:22,Observatoire,2,8
2026-01-10 08:27:22,Rondelet,5,16
2026-01-10 08:27:22,Plan Cabanes,5,12
2026-01-10 08:27:22,Boutonnet,4,12
2026-01-10 08:27:22,Emile Combes,5,8
2026-01-10 08:27:22,Beaux-Arts,11,16
2026-01-10 08:27:22,Les Aubes,7,8
2026-01-10 08:27:22,Antigone centre,7,12
2026-01-10 08:27:22,Médiathèque Emile Zola,5,16
2026-01-10 08:27:22,Nombre d Or,3,16
2026-01-10 08:27:22,Louis Blanc,1,16
2026-01-10 08:27:22,Gambetta,4,8
2026-01-10 08:27:22,Port Marianne,10,16
2026-01-10 08:42:26,Rue Jules Ferry - Gare Saint-Roch,2,12
2026-01-10 08:42:26,Comédie,2,20
2026-01-10 08:42:26,Hôtel de Ville,11,16
2026-01-10 08:42:26,Corum,3,12
2026-01-10 08:42:26,Place Albert 1er - St Charles,14,27
2026-01-10 08:42:26,Foch,1,8
2026-01-10 08:42:26,Halles Castellane,0,12
2026-01-10 08:42:26,Observatoire,2,8
2026-01-10 08:42:26,Rondelet,5,16
2026-01-10 08:42:26,Plan Cabanes,5,12
2026-01-10 08:42:26,Boutonnet,4,12
2026-01-10 08:42:26,Emile Combes,5,8
2026-01-10 08:42:26,Beaux-Arts,11,16
2026-01-10 08:42:26,Les Aubes,7,8
2026-01-10 08:42:26,Antigone centre,7,12
2026-01-10 08:42:26,Médiathèque Emile Zola,5,16
2026-01-10 08:42:26,Nombre d Or,3,16
2026-01-10 08:42:26,Louis Blanc,1,16
2026-01-10 08:42:26,Gambetta,4,8
2026-01-10 08:42:26,Port Marianne,10,16
2026-01-10 08:54:27,Rue Jules Ferry - Gare Saint-Roch,2,12
2026-01-10 08:54:27,Comédie,2,20
2026-01-10 08:54:27,Hôtel de Ville,11,16
2026-01-10 08:54:27,Corum,3,12
2026-01-10 08:54:27,Place Albert 1er - St Charles,14,27
2026-01-10 08:54:27,Foch,1,8
2026-01-10 08:54:27,Halles Castellane,0,12
2026-01-10 08:54:27,Observatoire,2,8
2026-01-10 08:54:27,Rondelet,5,16
2026-01-10 08:54:27,Plan Cabanes,5,12
2026-01-10 08:54:27,Boutonnet,4,12
2026-01-10 08:54:27,Emile Combes,5,8
2026-01-10 08:54:27,Beaux-Arts,11,16
2026-01-10 08:54:27,Les Aubes,7,8
2026-01-10 08:54:27,Antigone centre,7,12
2026-01-10 08:54:27,Médiathèque Emile Zola,5,16
2026-01-10 08:54:27,Nombre d Or,3,16
2026-01-10 08:54:27,Louis Blanc,1,16
2026-01-10 08:54:27,Gambetta,4,8
2026-01-10 08:54:27,Port Marianne,10,16
2026-01-10 09:31:07,Rue Jules Ferry - Gare Saint-Roch,2,12
2026-01-10 09:31:07,Comédie,1,20
2026-01-10 09:31:07,Hôtel de Ville,11,16
2026-01-10 09:31:07,Corum,4,12
2026-01-10 09:31:07,Place Albert 1er - St Charles,14,27
2026-01-10 09:31:07,Foch,1,8
2026-01-10 09:31:07,Halles Castellane,0,12
2026-01-10 09:31:07,Observatoire,2,8
2026-01-10 09:31:07,Rondelet,5,16
2026-01-10 09:31:07,Plan Cabanes,5,12
2026-01-10 09:31:07,Boutonnet,4,12
2026-01-10 09:31:07,Emile Combes,5,8
2026-01-10 09:31:07,Beaux-Arts,11,16
2026-01-10 09:31:07,Les Aubes,7,8
2026-01-10 09:31:07,Antigone centre,7,12
2026-01-10 09:31:07,Médiathèque Emile Zola,6,16
2026-01-10 09:31:07,Nombre d Or,2,16
2026-01-10 09:31:07,Louis Blanc,1,16
2026-01-10 09:31:07,Gambetta,4,8
2026-01-10 09:31:07,Port Marianne,10,16
2026-01-10 09:56:49,Rue Jules Ferry - Gare Saint-Roch,2,12
2026-01-10 09:56:49,Comédie,1,20
2026-01-10 09:56:49,Hôtel de Ville,11,16
2026-01-10 09:56:49,Corum,4,12
2026-01-10 09:56:49,Place Albert 1er - St Charles,14,27
2026-01-10 09:56:49,Foch,1,8
2026-01-10 09:56:49,Halles Castellane,0,12
2026-01-10 09:56:49,Observatoire,2,8
2026-01-10 09:56:49,Rondelet,5,16
2026-01-10 09:56:49,Plan Cabanes,4,12
2026-01-10 09:56:49,Boutonnet,4,12
2026-01-10 09:56:49,Emile Combes,4,8
2026-01-10 09:56:49,Beaux-Arts,11,16
2026-01-10 09:56:49,Les Aubes,7,8
2026-01-10 09:56:49,Antigone centre,7,12
2026-01-10 09:56:49,Médiathèque Emile Zola,6,16
2026-01-10 09:56:49,Nombre d Or,2,16
2026-01-10 09:56:49,Louis Blanc,1,16
2026-01-10 09:56:49,Gambetta,4,8
2026-01-10 09:56:49,Port Marianne,10,16
2026-01-10 10:28:25,Rue Jules Ferry - Gare Saint-Roch,3,12
2026-01-10 10:28:25,Comédie,1,20
2026-01-10 10:28:25,Hôtel de Ville,11,16
2026-01-10 10:28:25,Corum,4,12
2026-01-10 10:28:25,Place Albert 1er - St Charles,14,27
2026-01-10 10:28:25,Foch,1,8
2026-01-10 10:28:25,Halles Castellane,0,12
2026-01-10 10:28:25,Observatoire,2,8
2026-01-10 10:28:25,Rondelet,5,16
2026-01-10 10:28:25,Plan Cabanes,4,12
2026-01-10 10:28:25,Boutonnet,4,12
2026-01-10 10:28:25,Emile Combes,4,8
2026-01-10 10:28:25,Beaux-Arts,11,16
2026-01-10 10:28:25,Les Aubes,7,8
2026-01-10 10:28:25,Antigone centre,7,12
2026-01-10 10:28:25,Médiathèque Emile Zola,7,16
2026-01-10 10:28:25,Nombre d Or,2,16
2026-01-10 10:28:25,Louis Blanc,0,16
2026-01-10 10:28:25,Gambetta,4,8
2026-01-10 10:28:25,Port Marianne,10,16
2026-01-10 10:44:39,Rue Jules Ferry - Gare Saint-Roch,3,12
2026-01-10 10:44:39,Comédie,1,20
2026-01-10 10:44:39,Hôtel de Ville,11,16
2026-01-10 10:44:39,Corum,4,12
2026-01-10 10:44:39,Place Albert 1er - St Charles,14,27
2026-01-10 10:44:39,Foch,2,8
2026-01-10 10:44:39,Halles Castellane,0,12
2026-01-10 10:44:39,Observatoire,2,8
2026-01-10 10:44:39,Rondelet,5,16
2026-01-10 10:44:39,Plan Cabanes,5,12
2026-01-10 10:44:39,Boutonnet,4,12
2026-01-10 10:44:39,Emile Combes,3,8
2026-01-10 10:44:39,Beaux-Arts,11,16
2026-01-10 10:44:39,Les Aubes,7,8
2026-01-10 10:44:39,Antigone centre,7,12
2026-01-10 10:44:39,Médiathèque Emile Zola,7,16
2026-01-10 10:44:39,Nombre d Or,2,16
2026-01-10 10:44:39,Louis Blanc,0,16
2026-01-10 10:44:39,Gambetta,4,8
2026-01-10 10:44:39,Port Marianne,10,16
2026-01-10 10:56:00,Rue Jules Ferry - Gare Saint-Roch,3,12
2026-01-10 10:56:00,Comédie,1,20
2026-01-10 10:56:00,Hôtel de Ville,11,16
2026-01-10 10:56:00,Corum,4,12
2026-01-10 10:56:00,Place Albert 1er - St Charles,14,27
2026-01-10 10:56:00,Foch,2,8
2026-01-10 10:56:00,Halles Castellane,0,12
2026-01-10 10:56:00,Observatoire,2,8
2026-01-10 10:56:00,Rondelet,4,16
2026-01-10 10:56:00,Plan Cabanes,5,12
2026-01-10 10:56:00,Boutonnet,4,12
2026-01-10 10:56:00,Emile Combes,3,8
2026-01-10 10:56:00,Beaux-Arts,11,16
2026-01-10 10:56:00,Les Aubes,7,8
2026-01-10 10:56:00,Antigone centre,7,12
2026-01-10 10:56:00,Médiathèque Emile Zola,7,16
2026-01-10 10:56:00,Nombre d Or,3,16
2026-01-10 10:56:00,Louis Blanc,0,16
2026-01-10 10:56:00,Gambetta,4,8
2026-01-10 10:56:00,Port Marianne,10,16
2026-01-10 11:26:58,Rue Jules Ferry - Gare Saint-Roch,3,12
2026-01-10 11:26:58,Comédie,1,20
2026-01-10 11:26:58,Hôtel de Ville,11,16
2026-01-10 11:26:58,Corum,4,12
2026-01-10 11:26:58,Place Albert 1er - St Charles,15,27
2026-01-10 11:26:58,Foch,2,8
2026-01-10 11:26:58,Halles Castellane,0,12
2026-01-10 11:26:58,Observatoire,2,8
2026-01-10 11:26:58,Rondelet,4,16
2026-01-10 11:26:58,Plan Cabanes,5,12
2026-01-10 11:26:58,Boutonnet,3,12
2026-01-10 11:26:58,Emile Combes,3,8
2026-01-10 11:26:58,Beaux-Arts,11,16
2026-01-10 11:26:58,Les Aubes,7,8
2026-01-10 11:26:58,Antigone centre,6,12
2026-01-10 11:26:58,Médiathèque Emile Zola,7,16
2026-01-10 11:26:58,Nombre d Or,3,16
2026-01-10 11:26:58,Louis Blanc,0,16
2026-01-10 11:26:58,Gambetta,4,8
2026-01-10 11:26:58,Port Marianne,9,16
2026-01-10 11:46:23,Rue Jules Ferry - Gare Saint-Roch,3,12
2026-01-10 11:46:23,Comédie,1,20
2026-01-10 11:46:23,Hôtel de Ville,11,16
2026-01-10 11:46:23,Corum,3,12
2026-01-10 11:46:23,Place Albert 1er - St Charles,15,27
2026-01-10 11:46:23,Foch,2,8
2026-01-10 11:46:23,Halles Castellane,0,12
2026-01-10 11:46:23,Observatoire,2,8
2026-01-10 11:46:23,Rondelet,4,16
2026-01-10 11:46:23,Plan Cabanes,5,12
2026-01-10 11:46:23,Boutonnet,3,12
2026-01-10 11:46:23,Emile Combes,3,8
2026-01-10 11:46:23,Beaux-Arts,11,16
2026-01-10 11:46:23,Les Aubes,7,8
2026-01-10 11:46:23,Antigone centre,5,12
2026-01-10 11:46:23,Médiathèque Emile Zola,8,16
2026-01-10 11:46:23,Nombre d Or,3,16
2026-01-10 11:46:23,Louis Blanc,0,16
2026-01-10 11:46:23,Gambetta,4,8
2026-01-10 11:46:23,Port Marianne,9,16
2026-01-10 12:19:40,Rue Jules Ferry - Gare Saint-Roch,3,12
2026-01-10 12:19:40,Comédie,1,20
2026-01-10 12:19:40,Hôtel de Ville,10,16
2026-01-10 12:19:40,Corum,3,12
2026-01-10 12:19:40,Place Albert 1er - St Charles,14,27
2026-01-10 12:19:40,Foch,1,8
2026-01-10 12:19:40,Halles Castellane,0,12
2026-01-10 12:19:40,Observatoire,2,8
2026-01-10 12:19:40,Rondelet,4,16
2026-01-10 12:19:40,Plan Cabanes,5,12
2026-01-10 12:19:40,Boutonnet,4,12
2026-01-10 12:19:40,Emile Combes,3,8
2026-01-10 12:19:40,Beaux-Arts,11,16
2026-01-10 12:19:40,Les Aubes,7,8
2026-01-10 12:19:40,Antigone centre,5,12
2026-01-10 12:19:40,Médiathèque Emile Zola,7,16
2026-01-10 12:19:40,Nombre d Or,1,16
2026-01-10 12:19:40,Louis Blanc,1,16
2026-01-10 12:19:40,Gambetta,4,8
2026-01-10 12:19:40,Port Marianne,10,16
2026-01-10 12:39:49,Rue Jules Ferry - Gare Saint-Roch,3,12
2026-01-10 12:39:49,Comédie,1,20
2026-01-10 12:39:49,Hôtel de Ville,10,16
2026-01-10 12:39:49,Corum,3,12
2026-01-10 12:39:49,Place Albert 1er - St Charles,14,27
2026-01-10 12:39:49,Foch,1,8
2026-01-10 12:39:49,Halles Castellane,0,12
2026-01-10 12:39:49,Observatoire,2,8
2026-01-10 12:39:49,Rondelet,4,16
2026-01-10 12:39:49,Plan Cabanes,5,12
2026-01-10 12:39:49,Boutonnet,4,12
2026-01-10 12:39:49,Emile Combes,3,8
2026-01-10 12:39:49,Beaux-Arts,11,16
2026-01-10 12:39:49,Les Aubes,7,8
2026-01-10 12:39:49,Antigone centre,5,12
2026-01-10 12:39:49,Médiathèque Emile Zola,7,16
2026-01-10 12:39:49,Nombre d Or,1,16
2026-01-10 12:39:49,Louis Blanc,1,16
2026-01-10 12:39:49,Gambetta,4,8
2026-01-10 12:39:49,Port Marianne,10,16
2026-01-10 12:52:20,Rue Jules Ferry - Gare Saint-Roch,3,12
2026-01-10 12:52:20,Comédie,1,20
2026-01-10 12:52:20,Hôtel de Ville,10,16
2026-01-10 12:52:20,Corum,3,12
2026-01-10 12:52:20,Place Albert 1er - St Charles,14,27
2026-01-10 12:52:20,Foch,1,8
2026-01-10 12:52:20,Halles Castellane,0,12
2026-01-10 12:52:20,Observatoire,2,8
2026-01-10 12:52:20,Rondelet,4,16
2026-01-10 12:52:20,Plan Cabanes,5,12
2026-01-10 12:52:20,Boutonnet,4,12
2026-01-10 12:52:20,Emile Combes,3,8
2026-01-10 12:52:20,Beaux-Arts,11,16
2026-01-10 12:52:20,Les Aubes,7,8
2026-01-10 12:52:20,Antigone centre,5,12
2026-01-10 12:52:20,Médiathèque Emile Zola,7,16
2026-01-10 12:52:20,Nombre d Or,1,16
2026-01-10 12:52:20,Louis Blanc,1,16
2026-01-10 12:52:20,Gambetta,4,8
2026-01-10 12:52:20,Port Marianne,10,16
2026-01-10 13:47:10,Rue Jules Ferry - Gare Saint-Roch,3,12
2026-01-10 13:47:10,Comédie,2,20
2026-01-10 13:47:10,Hôtel de Ville,10,16
2026-01-10 13:47:10,Corum,3,12
2026-01-10 13:47:10,Place Albert 1er - St Charles,14,27
2026-01-10 13:47:10,Foch,1,8
2026-01-10 13:47:10,Halles Castellane,0,12
2026-01-10 13:47:10,Observatoire,2,8
2026-01-10 13:47:10,Rondelet,4,16
2026-01-10 13:47:10,Plan Cabanes,5,12
2026-01-10 13:47:10,Boutonnet,5,12
2026-01-10 13:47:10,Emile Combes,4,8
2026-01-10 13:47:10,Beaux-Arts,11,16
2026-01-10 13:47:10,Les Aubes,7,8
2026-01-10 13:47:10,Antigone centre,3,12
2026-01-10 13:47:10,Médiathèque Emile Zola,7,16
2026-01-10 13:47:10,Nombre d Or,1,16
2026-01-10 13:47:10,Louis Blanc,1,16
2026-01-10 13:47:10,Gambetta,4,8
2026-01-10 13:47:10,Port Marianne,12,16
2026-01-10 14:31:19,Rue Jules Ferry - Gare Saint-Roch,3,12
2026-01-10 14:31:19,Comédie,2,20
2026-01-10 14:31:19,Hôtel de Ville,10,16
2026-01-10 14:31:19,Corum,3,12
2026-01-10 14:31:19,Place Albert 1er - St Charles,14,27
2026-01-10 14:31:19,Foch,1,8
2026-01-10 14:31:19,Halles Castellane,0,12
2026-01-10 14:31:19,Observatoire,1,8
2026-01-10 14:31:19,Rondelet,4,16
2026-01-10 14:31:19,Plan Cabanes,5,12
2026-01-10 14:31:19,Boutonnet,5,12
2026-01-10 14:31:19,Emile Combes,4,8
2026-01-10 14:31:19,Beaux-Arts,11,16
2026-01-10 14:31:19,Les Aubes,6,8
2026-01-10 14:31:19,Antigone centre,3,12
2026-01-10 14:31:19,Médiathèque Emile Zola,7,16
2026-01-10 14:31:19,Nombre d Or,1,16
2026-01-10 14:31:19,Louis Blanc,1,16
2026-01-10 14:31:19,Gambetta,3,8
2026-01-10 14:31:19,Port Marianne,13,16
2026-01-10 14:53:18,Rue Jules Ferry - Gare Saint-Roch,3,12
2026-01-10 14:53:18,Comédie,2,20
2026-01-10 14:53:18,Hôtel de Ville,10,16
2026-01-10 14:53:18,Corum,3,12
2026-01-10 14:53:18,Place Albert 1er - St Charles,14,27
2026-01-10 14:53:18,Foch,1,8
2026-01-10 14:53:18,Halles Castellane,0,12
2026-01-10 14:53:18,Observatoire,1,8
2026-01-10 14:53:18,Rondelet,4,16
2026-01-10 14:53:18,Plan Cabanes,5,12
2026-01-10 14:53:18,Boutonnet,5,12
2026-01-10 14:53:18,Emile Combes,4,8
2026-01-10 14:53:18,Beaux-Arts,11,16
2026-01-10 14:53:18,Les Aubes,6,8
2026-01-10 14:53:18,Antigone centre,3,12
2026-01-10 14:53:18,Médiathèque Emile Zola,7,16
2026-01-10 14:53:18,Nombre d Or,1,16
2026-01-10 14:53:18,Louis Blanc,1,16
2026-01-10 14:53:18,Gambetta,3,8
2026-01-10 14:53:18,Port Marianne,13,16
2026-01-10 15:22:17,Rue Jules Ferry - Gare Saint-Roch,4,12
2026-01-10 15:22:17,Comédie,2,20
2026-01-10 15:22:17,Hôtel de Ville,11,16
2026-01-10 15:22:17,Corum,3,12
2026-01-10 15:22:17,Place Albert 1er - St Charles,14,27
2026-01-10 15:22:17,Foch,1,8
2026-01-10 15:22:17,Halles Castellane,0,12
2026-01-10 15:22:17,Observatoire,1,8
2026-01-10 15:22:17,Rondelet,4,16
2026-01-10 15:22:17,Plan Cabanes,5,12
2026-01-10 15:22:17,Boutonnet,5,12
2026-01-10 15:22:17,Emile Combes,4,8
2026-01-10 15:22:17,Beaux-Arts,11,16
2026-01-10 15:22:17,Les Aubes,6,8
2026-01-10 15:22:17,Antigone centre,3,12
2026-01-10 15:22:17,Médiathèque Emile Zola,7,16
2026-01-10 15:22:17,Nombre d Or,2,16
2026-01-10 15:22:17,Louis Blanc,1,16
2026-01-10 15:22:17,Gambetta,3,8
2026-01-10 15:22:17,Port Marianne,13,16
2026-01-10 15:43:41,Rue Jules Ferry - Gare Saint-Roch,4,12
2026-01-10 15:43:41,Comédie,2,20
2026-01-10 15:43:41,Hôtel de Ville,11,16
2026-01-10 15:43:41,Corum,3,12
2026-01-10 15:43:41,Place Albert 1er - St Charles,14,27
2026-01-10 15:43:41,Foch,1,8
2026-01-10 15:43:41,Halles Castellane,0,12
2026-01-10 15:43:41,Observatoire,1,8
2026-01-10 15:43:41,Rondelet,4,16
2026-01-10 15:43:41,Plan Cabanes,5,12
2026-01-10 15:43:41,Boutonnet,5,12
2026-01-10 15:43:41,Emile Combes,4,8
2026-01-10 15:43:41,Beaux-Arts,11,16
2026-01-10 15:43:41,Les Aubes,6,8
2026-01-10 15:43:41,Antigone centre,4,12
2026-01-10 15:43:41,Médiathèque Emile Zola,8,16
2026-01-10 15:43:41,Nombre d Or,2,16
2026-01-10 15:43:41,Louis Blanc,1,16
2026-01-10 15:43:41,Gambetta,3,8
2026-01-10 15:43:41,Port Marianne,13,16
2026-01-10 15:55:52,Rue Jules Ferry - Gare Saint-Roch,4,12
2026-01-10 15:55:52,Comédie,2,20
2026-01-10 15:55:52,Hôtel de Ville,11,16
2026-01-10 15:55:52,Corum,3,12
2026-01-10 15:55:52,Place Albert 1er - St Charles,14,27
2026-01-10 15:55:52,Foch,1,8
2026-01-10 15:55:52,Halles Castellane,0,12
2026-01-10 15:55:52,Observatoire,1,8
2026-01-10 15:55:52,Rondelet,4,16
2026-01-10 15:55:52,Plan Cabanes,5,12
2026-01-10 15:55:52,Boutonnet,5,12
2026-01-10 15:55:52,Emile Combes,4,8
2026-01-10 15:55:52,Beaux-Arts,11,16
2026-01-10 15:55:52,Les Aubes,6,8
2026-01-10 15:55:52,Antigone centre,4,12
2026-01-10 15:55:52,Médiathèque Emile Zola,8,16
2026-01-10 15:55:52,Nombre d Or,2,16
2026-01-10 15:55:52,Louis Blanc,1,16
2026-01-10 15:55:52,Gambetta,3,8
2026-01-10 15:55:52,Port Marianne,13,16
2026-01-10 16:24:48,Rue Jules Ferry - Gare Saint-Roch,4,12
2026-01-10 16:24:48,Comédie,3,20
2026-01-10 16:24:48,Hôtel de Ville,11,16
2026-01-10 16:24:48,Corum,3,12
2026-01-10 16:24:48,Place Albert 1er - St Charles,14,27
2026-01-10 16:24:48,Foch,1,8
2026-01-10 16:24:48,Halles Castellane,0,12
2026-01-10 16:24:48,Observatoire,1,8
2026-01-10 16:24:48,Rondelet,4,16
2026-01-10 16:24:48,Plan Cabanes,5,12
2026-01-10 16:24:48,Boutonnet,5,12
2026-01-10 16:24:48,Emile Combes,4,8
2026-01-10 16:24:48,Beaux-Arts,11,16
2026-01-10 16:24:48,Les Aubes,7,8
2026-01-10 16:24:48,Antigone centre,3,12
2026-01-10 16:24:48,Médiathèque Emile Zola,8,16
2026-01-10 16:24:48,Nombre d Or,2,16
2026-01-10 16:24:48,Louis Blanc,1,16
2026-01-10 16:24:48,Gambetta,2,8
2026-01-10 16:24:48,Port Marianne,13,16
2026-01-10 16:42:18,Rue Jules Ferry - Gare Saint-Roch,4,12
2026-01-10 16:42:18,Comédie,6,20
2026-01-10 16:42:18,Hôtel de Ville,11,16
2026-01-10 16:42:18,Corum,3,12
2026-01-10 16:42:18,Place Albert 1er - St Charles,14,27
2026-01-10 16:42:18,Foch,1,8
2026-01-10 16:42:18,Halles Castellane,0,12
2026-01-10 16:42:18,Observatoire,1,8
2026-01-10 16:42:18,Rondelet,4,16
2026-01-10 16:42:18,Plan Cabanes,5,12
2026-01-10 16:42:18,Boutonnet,5,12
2026-01-10 16:42:18,Emile Combes,4,8
2026-01-10 16:42:18,Beaux-Arts,11,16
2026-01-10 16:42:18,Les Aubes,7,8
2026-01-10 16:42:18,Antigone centre,3,12
2026-01-10 16:42:18,Médiathèque Emile Zola,8,16
2026-01-10 16:42:18,Nombre d Or,3,16
2026-01-10 16:42:18,Louis Blanc,1,16
2026-01-10 16:42:18,Gambetta,1,8
2026-01-10 16:42:18,Port Marianne,13,16
2026-01-10 16:54:34,Rue Jules Ferry - Gare Saint-Roch,4,12
2026-01-10 16:54:34,Comédie,6,20
2026-01-10 16:54:34,Hôtel de Ville,11,16
2026-01-10 16:54:34,Corum,3,12
2026-01-10 16:54:34,Place Albert 1er - St Charles,13,27
2026-01-10 16:54:34,Foch,1,8
2026-01-10 16:54:34,Halles Castellane,0,12
2026-01-10 16:54:34,Observatoire,1,8
2026-01-10 16:54:34,Rondelet,4,16
2026-01-10 16:54:34,Plan Cabanes,5,12
2026-01-10 16:54:34,Boutonnet,5,12
2026-01-10 16:54:34,Emile Combes,4,8
2026-01-10 16:54:34,Beaux-Arts,11,16
2026-01-10 16:54:34,Les Aubes,7,8
2026-01-10 16:54:34,Antigone centre,3,12
2026-01-10 16:54:34,Médiathèque Emile Zola,8,16
2026-01-10 16:54:34,Nombre d Or,3,16
2026-01-10 16:54:34,Louis Blanc,1,16
2026-01-10 16:54:34,Gambetta,1,8
2026-01-10 16:54:34,Port Marianne,13,16
2026-01-10 17:28:50,Rue Jules Ferry - Gare Saint-Roch,4,12
2026-01-10 17:28:50,Comédie,5,20
2026-01-10 17:28:50,Hôtel de Ville,11,16
2026-01-10 17:28:50,Corum,4,12
2026-01-10 17:28:50,Place Albert 1er - St Charles,13,27
2026-01-10 17:28:50,Foch,1,8
2026-01-10 17:28:50,Halles Castellane,0,12
2026-01-10 17:28:50,Observatoire,1,8
2026-01-10 17:28:50,Rondelet,3,16
2026-01-10 17:28:50,Plan Cabanes,5,12
2026-01-10 17:28:50,Boutonnet,5,12
2026-01-10 17:28:50,Emile Combes,4,8
2026-01-10 17:28:50,Beaux-Arts,11,16
2026-01-10 17:28:50,Les Aubes,7,8
2026-01-10 17:28:50,Antigone centre,4,12
2026-01-10 17:28:50,Médiathèque Emile Zola,7,16
2026-01-10 17:28:50,Nombre d Or,5,16
2026-01-10 17:28:50,Louis Blanc,1,16
2026-01-10 17:28:50,Gambetta,1,8
2026-01-10 17:28:50,Port Marianne,13,16
2026-01-10 17:50:26,Rue Jules Ferry - Gare Saint-Roch,2,12
2026-01-10 17:50:26,Comédie,5,20
2026-01-10 17:50:26,Hôtel de Ville,11,16
2026-01-10 17:50:26,Corum,4,12
2026-01-10 17:50:26,Place Albert 1er - St Charles,13,27
2026-01-10 17:50:26,Foch,1,8
2026-01-10 17:50:26,Halles Castellane,0,12
2026-01-10 17:50:26,Observatoire,2,8
2026-01-10 17:50:26,Rondelet,3,16
2026-01-10 17:50:26,Plan Cabanes,5,12
2026-01-10 17:50:26,Boutonnet,4,12
2026-01-10 17:50:26,Emile Combes,4,8
2026-01-10 17:50:26,Beaux-Arts,11,16
2026-01-10 17:50:26,Les Aubes,7,8
2026-01-10 17:50:26,Antigone centre,4,12
2026-01-10 17:50:26,Médiathèque Emile Zola,9,16
2026-01-10 17:50:26,Nombre d Or,5,16
2026-01-10 17:50:26,Louis Blanc,1,16
2026-01-10 17:50:26,Gambetta,1,8
2026-01-10 17:50:26,Port Marianne,13,16
2026-01-10 18:20:58,Rue Jules Ferry - Gare Saint-Roch,2,12
2026-01-10 18:20:58,Comédie,5,20
2026-01-10 18:20:58,Hôtel de Ville,11,16
2026-01-10 18:20:58,Corum,4,12
2026-01-10 18:20:58,Place Albert 1er - St Charles,13,27
2026-01-10 18:20:58,Foch,1,8
2026-01-10 18:20:58,Halles Castellane,0,12
2026-01-10 18:20:58,Observatoire,2,8
2026-01-10 18:20:58,Rondelet,3,16
2026-01-10 18:20:58,Plan Cabanes,5,12
2026-01-10 18:20:58,Boutonnet,4,12
2026-01-10 18:20:58,Emile Combes,4,8
2026-01-10 18:20:58,Beaux-Arts,11,16
2026-01-10 18:20:58,Les Aubes,7,8
2026-01-10 18:20:58,Antigone centre,4,12
2026-01-10 18:20:58,Médiathèque Emile Zola,12,16
2026-01-10 18:20:58,Nombre d Or,4,16
2026-01-10 18:20:58,Louis Blanc,1,16
2026-01-10 18:20:58,Gambetta,1,8
2026-01-10 18:20:58,Port Marianne,13,16
2026-01-10 18:42:29,Rue Jules Ferry - Gare Saint-Roch,2,12
2026-01-10 18:42:29,Comédie,5,20
2026-01-10 18:42:29,Hôtel de Ville,11,16
2026-01-10 18:42:29,Corum,4,12
2026-01-10 18:42:29,Place Albert 1er - St Charles,13,27
2026-01-10 18:42:29,Foch,1,8
2026-01-10 18:42:29,Halles Castellane,0,12
2026-01-10 18:42:29,Observatoire,5,8
2026-01-10 18:42:29,Rondelet,3,16
2026-01-10 18:42:29,Plan Cabanes,5,12
2026-01-10 18:42:29,Boutonnet,4,12
2026-01-10 18:42:29,Emile Combes,4,8
2026-01-10 18:42:29,Beaux-Arts,11,16
2026-01-10 18:42:29,Les Aubes,7,8
2026-01-10 18:42:29,Antigone centre,4,12
2026-01-10 18:42:29,Médiathèque Emile Zola,10,16
2026-01-10 18:42:29,Nombre d Or,4,16
2026-01-10 18:42:29,Louis Blanc,1,16
2026-01-10 18:42:29,Gambetta,1,8
2026-01-10 18:42:29,Port Marianne,13,16
2026-01-10 18:54:12,Rue Jules Ferry - Gare Saint-Roch,2,12
2026-01-10 18:54:12,Comédie,5,20
2026-01-10 18:54:12,Hôtel de Ville,11,16
2026-01-10 18:54:12,Corum,4,12
2026-01-10 18:54:12,Place Albert 1er - St Charles,13,27
2026-01-10 18:54:12,Foch,1,8
2026-01-10 18:54:12,Halles Castellane,0,12
2026-01-10 18:54:12,Observatoire,5,8
2026-01-10 18:54:12,Rondelet,3,16
2026-01-10 18:54:12,Plan Cabanes,5,12
2026-01-10 18:54:12,Boutonnet,4,12
2026-01-10 18:54:12,Emile Combes,4,8
2026-01-10 18:54:12,Beaux-Arts,11,16
2026-01-10 18:54:12,Les Aubes,7,8
2026-01-10 18:54:12,Antigone centre,4,12
2026-01-10 18:54:12,Médiathèque Emile Zola,9,16
2026-01-10 18:54:12,Nombre d Or,4,16
2026-01-10 18:54:12,Louis Blanc,1,16
2026-01-10 18:54:12,Gambetta,1,8
2026-01-10 18:54:12,Port Marianne,11,16
2026-01-10 19:34:07,Rue Jules Ferry - Gare Saint-Roch,2,12
2026-01-10 19:34:07,Comédie,5,20
2026-01-10 19:34:07,Hôtel de Ville,11,16
2026-01-10 19:34:07,Corum,4,12
2026-01-10 19:34:07,Place Albert 1er - St Charles,13,27
2026-01-10 19:34:07,Foch,1,8
2026-01-10 19:34:07,Halles Castellane,0,12
2026-01-10 19:34:07,Observatoire,5,8
2026-01-10 19:34:07,Rondelet,3,16
2026-01-10 19:34:07,Plan Cabanes,5,12
2026-01-10 19:34:07,Boutonnet,4,12
2026-01-10 19:34:07,Emile Combes,4,8
2026-01-10 19:34:07,Beaux-Arts,11,16
2026-01-10 19:34:07,Les Aubes,7,8
2026-01-10 19:34:07,Antigone centre,4,12
2026-01-10 19:34:07,Médiathèque Emile Zola,9,16
2026-01-10 19:34:07,Nombre d Or,3,16
2026-01-10 19:34:07,Louis Blanc,2,16
2026-01-10 19:34:07,Gambetta,1,8
2026-01-10 19:34:07,Port Marianne,11,16
2026-01-10 19:57:16,Rue Jules Ferry - Gare Saint-Roch,2,12
2026-01-10 19:57:16,Comédie,5,20
2026-01-10 19:57:16,Hôtel de Ville,11,16
2026-01-10 19:57:16,Corum,5,12
2026-01-10 19:57:16,Place Albert 1er - St Charles,13,27
2026-01-10 19:57:16,Foch,1,8
2026-01-10 19:57:16,Halles Castellane,0,12
2026-01-10 19:57:16,Observatoire,5,8
2026-01-10 19:57:16,Rondelet,3,16
2026-01-10 19:57:16,Plan Cabanes,5,12
2026-01-10 19:57:16,Boutonnet,4,12
2026-01-10 19:57:16,Emile Combes,4,8
2026-01-10 19:57:16,Beaux-Arts,11,16
2026-01-10 19:57:16,Les Aubes,6,8
2026-01-10 19:57:16,Antigone centre,4,12
2026-01-10 19:57:16,Médiathèque Emile Zola,9,16
2026-01-10 19:57:16,Nombre d Or,3,16
2026-01-10 19:57:16,Louis Blanc,2,16
2026-01-10 19:57:16,Gambetta,1,8
2026-01-10 19:57:16,Port Marianne,11,16
2026-01-10 20:22:47,Rue Jules Ferry - Gare Saint-Roch,2,12
2026-01-10 20:22:47,Comédie,5,20
2026-01-10 20:22:47,Hôtel de Ville,11,16
2026-01-10 20:22:47,Corum,5,12
2026-01-10 20:22:47,Place Albert 1er - St Charles,13,27
2026-01-10 20:22:47,Foch,1,8
2026-01-10 20:22:47,Halles Castellane,0,12
2026-01-10 20:22:47,Observatoire,5,8
2026-01-10 20:22:47,Rondelet,3,16
2026-01-10 20:22:47,Plan Cabanes,5,12
2026-01-10 20:22:47,Boutonnet,5,12
2026-01-10 20:22:47,Emile Combes,4,8
2026-01-10 20:22:47,Beaux-Arts,11,16
2026-01-10 20:22:47,Les Aubes,5,8
2026-01-10 20:22:47,Antigone centre,4,12
2026-01-10 20:22:47,Médiathèque Emile Zola,9,16
2026-01-10 20:22:47,Nombre d Or,4,16
2026-01-10 20:22:47,Louis Blanc,2,16
2026-01-10 20:22:47,Gambetta,1,8
2026-01-10 20:22:47,Port Marianne,9,16
2026-01-10 20:39:37,Rue Jules Ferry - Gare Saint-Roch,2,12
2026-01-10 20:39:37,Comédie,5,20
2026-01-10 20:39:37,Hôtel de Ville,11,16
2026-01-10 20:39:37,Corum,4,12
2026-01-10 20:39:37,Place Albert 1er - St Charles,13,27
2026-01-10 20:39:37,Foch,1,8
2026-01-10 20:39:37,Halles Castellane,0,12
2026-01-10 20:39:37,Observatoire,5,8
2026-01-10 20:39:37,Rondelet,3,16
2026-01-10 20:39:37,Plan Cabanes,4,12
2026-01-10 20:39:37,Boutonnet,5,12
2026-01-10 20:39:37,Emile Combes,4,8
2026-01-10 20:39:37,Beaux-Arts,11,16
2026-01-10 20:39:37,Les Aubes,5,8
2026-01-10 20:39:37,Antigone centre,4,12
2026-01-10 20:39:37,Médiathèque Emile Zola,9,16
2026-01-10 20:39:37,Nombre d Or,4,16
2026-01-10 20:39:37,Louis Blanc,2,16
2026-01-10 20:39:37,Gambetta,1,8
2026-01-10 20:39:37,Port Marianne,10,16
2026-01-10 20:52:15,Rue Jules Ferry - Gare Saint-Roch,2,12
2026-01-10 20:52:15,Comédie,5,20
2026-01-10 20:52:15,Hôtel de Ville,11,16
2026-01-10 20:52:15,Corum,4,12
2026-01-10 20:52:15,Place Albert 1er - St Charles,13,27
2026-01-10 20:52:15,Foch,1,8
2026-01-10 20:52:15,Halles Castellane,0,12
2026-01-10 20:52:15,Observatoire,6,8
2026-01-10 20:52:15,Rondelet,3,16
2026-01-10 20:52:15,Plan Cabanes,4,12
2026-01-10 20:52:15,Boutonnet,5,12
2026-01-10 20:52:15,Emile Combes,4,8
2026-01-10 20:52:15,Beaux-Arts,11,16
2026-01-10 20:52:15,Les Aubes,5,8
2026-01-10 20:52:15,Antigone centre,4,12
2026-01-10 20:52:15,Médiathèque Emile Zola,9,16
2026-01-10 20:52:15,Nombre d Or,4,16
2026-01-10 20:52:15,Louis Blanc,2,16
2026-01-10 20:52:15,Gambetta,1,8
2026-01-10 20:52:15,Port Marianne,10,16
2026-01-10 21:26:29,Rue Jules Ferry - Gare Saint-Roch,2,12
2026-01-10 21:26:29,Comédie,5,20
2026-01-10 21:26:29,Hôtel de Ville,11,16
2026-01-10 21:26:29,Corum,4,12
2026-01-10 21:26:29,Place Albert 1er - St Charles,13,27
2026-01-10 21:26:29,Foch,1,8
2026-01-10 21:26:29,Halles Castellane,0,12
2026-01-10 21:26:29,Observatoire,6,8
2026-01-10 21:26:29,Rondelet,3,16
2026-01-10 21:26:29,Plan Cabanes,4,12
2026-01-10 21:26:29,Boutonnet,5,12
2026-01-10 21:26:29,Emile Combes,4,8
2026-01-10 21:26:29,Beaux-Arts,11,16
2026-01-10 21:26:29,Les Aubes,5,8
2026-01-10 21:26:29,Antigone centre,4,12
2026-01-10 21:26:29,Médiathèque Emile Zola,11,16
2026-01-10 21:26:29,Nombre d Or,4,16
2026-01-10 21:26:29,Louis Blanc,2,16
2026-01-10 21:26:29,Gambetta,1,8
2026-01-10 21:26:29,Port Marianne,10,16
2026-01-10 21:44:43,Rue Jules Ferry - Gare Saint-Roch,2,12
2026-01-10 21:44:43,Comédie,5,20
2026-01-10 21:44:43,Hôtel de Ville,11,16
2026-01-10 21:44:43,Corum,4,12
2026-01-10 21:44:43,Place Albert 1er - St Charles,13,27
2026-01-10 21:44:43,Foch,1,8
2026-01-10 21:44:43,Halles Castellane,0,12
2026-01-10 21:44:43,Observatoire,6,8
2026-01-10 21:44:43,Rondelet,3,16
2026-01-10 21:44:43,Plan Cabanes,4,12
2026-01-10 21:44:43,Boutonnet,5,12
2026-01-10 21:44:43,Emile Combes,4,8
2026-01-10 21:44:43,Beaux-Arts,11,16
2026-01-10 21:44:43,Les Aubes,5,8
2026-01-10 21:44:43,Antigone centre,4,12
2026-01-10 21:44:43,Médiathèque Emile Zola,11,16
2026-01-10 21:44:43,Nombre d Or,4,16
2026-01-10 21:44:43,Louis Blanc,2,16
2026-01-10 21:44:43,Gambetta,1,8
2026-01-10 21:44:43,Port Marianne,10,16
2026-01-10 21:57:00,Rue Jules Ferry - Gare Saint-Roch,2,12
2026-01-10 21:57:00,Comédie,5,20
2026-01-10 21:57:00,Hôtel de Ville,11,16
2026-01-10 21:57:00,Corum,4,12
2026-01-10 21:57:00,Place Albert 1er - St Charles,13,27
2026-01-10 21:57:00,Foch,1,8
2026-01-10 21:57:00,Halles Castellane,0,12
2026-01-10 21:57:00,Observatoire,6,8
2026-01-10 21:57:00,Rondelet,3,16
2026-01-10 21:57:00,Plan Cabanes,4,12
2026-01-10 21:57:00,Boutonnet,5,12
2026-01-10 21:57:00,Emile Combes,4,8
2026-01-10 21:57:00,Beaux-Arts,11,16
2026-01-10 21:57:00,Les Aubes,5,8
2026-01-10 21:57:00,Antigone centre,4,12
2026-01-10 21:57:00,Médiathèque Emile Zola,11,16
2026-01-10 21:57:00,Nombre d Or,4,16
2026-01-10 21:57:00,Louis Blanc,2,16
2026-01-10 21:57:00,Gambetta,1,8
2026-01-10 21:57:00,Port Marianne,10,16
2026-01-10 22:25:49,Rue Jules Ferry - Gare Saint-Roch,1,12
2026-01-10 22:25:49,Comédie,6,20
2026-01-10 22:25:49,Hôtel de Ville,11,16
2026-01-10 22:25:49,Corum,4,12
2026-01-10 22:25:49,Place Albert 1er - St Charles,13,27
2026-01-10 22:25:49,Foch,1,8
2026-01-10 22:25:49,Halles Castellane,0,12
2026-01-10 22:25:49,Observatoire,6,8
2026-01-10 22:25:49,Rondelet,3,16
2026-01-10 22:25:49,Plan Cabanes,4,12
2026-01-10 22:25:49,Boutonnet,5,12
2026-01-10 22:25:49,Emile Combes,4,8
2026-01-10 22:25:49,Beaux-Arts,11,16
2026-01-10 22:25:49,Les Aubes,5,8
2026-01-10 22:25:49,Antigone centre,4,12
2026-01-10 22:25:49,Médiathèque Emile Zola,11,16
2026-01-10 22:25:49,Nombre d Or,4,16
2026-01-10 22:25:49,Louis Blanc,2,16
2026-01-10 22:25:49,Gambetta,1,8
2026-01-10 22:25:49,Port Marianne,10,16
2026-01-10 22:41:50,Rue Jules Ferry - Gare Saint-Roch,0,12
2026-01-10 22:41:50,Comédie,6,20
2026-01-10 22:41:50,Hôtel de Ville,11,16
2026-01-10 22:41:50,Corum,2,12
2026-01-10 22:41:50,Place Albert 1er - St Charles,13,27
2026-01-10 22:41:50,Foch,1,8
2026-01-10 22:41:50,Halles Castellane,0,12
2026-01-10 22:41:50,Observatoire,6,8
2026-01-10 22:41:50,Rondelet,3,16
2026-01-10 22:41:50,Plan Cabanes,4,12
2026-01-10 22:41:50,Boutonnet,5,12
2026-01-10 22:41:50,Emile Combes,4,8
2026-01-10 22:41:50,Beaux-Arts,11,16
2026-01-10 22:41:50,Les Aubes,5,8
2026-01-10 22:41:50,Antigone centre,4,12
2026-01-10 22:41:50,Médiathèque Emile Zola,11,16
2026-01-10 22:41:50,Nombre d Or,4,16
2026-01-10 22:41:50,Louis Blanc,2,16
2026-01-10 22:41:50,Gambetta,1,8
2026-01-10 22:41:50,Port Marianne,10,16
2026-01-10 22:53:26,Rue Jules Ferry - Gare Saint-Roch,0,12
2026-01-10 22:53:26,Comédie,6,20
2026-01-10 22:53:26,Hôtel de Ville,11,16
2026-01-10 22:53:26,Corum,2,12
2026-01-10 22:53:26,Place Albert 1er - St Charles,14,27
2026-01-10 22:53:26,Foch,1,8
2026-01-10 22:53:26,Halles Castellane,0,12
2026-01-10 22:53:26,Observatoire,6,8
2026-01-10 22:53:26,Rondelet,3,16
2026-01-10 22:53:26,Plan Cabanes,4,12
2026-01-10 22:53:26,Boutonnet,5,12
2026-01-10 22:53:26,Emile Combes,4,8
2026-01-10 22:53:26,Beaux-Arts,11,16
2026-01-10 22:53:26,Les Aubes,5,8
2026-01-10 22:53:26,Antigone centre,4,12
2026-01-10 22:53:26,Médiathèque Emile Zola,11,16
2026-01-10 22:53:26,Nombre d Or,4,16
2026-01-10 22:53:26,Louis Blanc,2,16
2026-01-10 22:53:26,Gambetta,1,8
2026-01-10 22:53:26,Port Marianne,10,16
2026-01-10 23:23:19,Rue Jules Ferry - Gare Saint-Roch,0,12
2026-01-10 23:23:19,Comédie,6,20
2026-01-10 23:23:19,Hôtel de Ville,11,16
2026-01-10 23:23:19,Corum,2,12
2026-01-10 23:23:19,Place Albert 1er - St Charles,13,27
2026-01-10 23:23:19,Foch,1,8
2026-01-10 23:23:19,Halles Castellane,0,12
2026-01-10 23:23:19,Observatoire,6,8
2026-01-10 23:23:19,Rondelet,3,16
2026-01-10 23:23:19,Plan Cabanes,4,12
2026-01-10 23:23:19,Boutonnet,5,12
2026-01-10 23:23:19,Emile Combes,4,8
2026-01-10 23:23:19,Beaux-Arts,11,16
2026-01-10 23:23:19,Les Aubes,5,8
2026-01-10 23:23:19,Antigone centre,4,12
2026-01-10 23:23:19,Médiathèque Emile Zola,11,16
2026-01-10 23:23:19,Nombre d Or,4,16
2026-01-10 23:23:19,Louis Blanc,2,16
2026-01-10 23:23:19,Gambetta,1,8
2026-01-10 23:23:19,Port Marianne,10,16
2026-01-10 23:44:46,Rue Jules Ferry - Gare Saint-Roch,0,12
2026-01-10 23:44:46,Comédie,6,20
2026-01-10 23:44:46,Hôtel de Ville,11,16
2026-01-10 23:44:46,Corum,2,12
2026-01-10 23:44:46,Place Albert 1er - St Charles,13,27
2026-01-10 23:44:46,Foch,1,8
2026-01-10 23:44:46,Halles Castellane,0,12
2026-01-10 23:44:46,Observatoire,6,8
2026-01-10 23:44:46,Rondelet,3,16
2026-01-10 23:44:46,Plan Cabanes,4,12
2026-01-10 23:44:46,Boutonnet,5,12
2026-01-10 23:44:46,Emile Combes,4,8
2026-01-10 23:44:46,Beaux-Arts,11,16
2026-01-10 23:44:46,Les Aubes,5,8
2026-01-10 23:44:46,Antigone centre,4,12
2026-01-10 23:44:46,Médiathèque Emile Zola,11,16
2026-01-10 23:44:46,Nombre d Or,4,16
2026-01-10 23:44:46,Louis Blanc,2,16
2026-01-10 23:44:46,Gambetta,1,8
2026-01-10 23:44:46,Port Marianne,9,16
2026-01-10 23:56:33,Rue Jules Ferry - Gare Saint-Roch,0,12
2026-01-10 23:56:33,Comédie,6,20
2026-01-10 23:56:33,Hôtel de Ville,11,16
2026-01-10 23:56:33,Corum,2,12
2026-01-10 23:56:33,Place Albert 1er - St Charles,13,27
2026-01-10 23:56:33,Foch,1,8
2026-01-10 23:56:33,Halles Castellane,0,12
2026-01-10 23:56:33,Observatoire,6,8
2026-01-10 23:56:33,Rondelet,3,16
2026-01-10 23:56:33,Plan Cabanes,4,12
2026-01-10 23:56:33,Boutonnet,5,12
2026-01-10 23:56:33,Emile Combes,4,8
2026-01-10 23:56:33,Beaux-Arts,11,16
2026-01-10 23:56:33,Les Aubes,6,8
2026-01-10 23:56:33,Antigone centre,4,12
2026-01-10 23:56:33,Médiathèque Emile Zola,11,16
2026-01-10 23:56:33,Nombre d Or,4,16
2026-01-10 23:56:33,Louis Blanc,2,16
2026-01-10 23:56:33,Gambetta,1,8
2026-01-10 23:56:33,Port Marianne,9,16
2026-01-11 00:25:52,Rue Jules Ferry - Gare Saint-Roch,1,12
2026-01-11 00:25:52,Comédie,5,20
2026-01-11 00:25:52,Hôtel de Ville,11,16
2026-01-11 00:25:52,Corum,3,12
2026-01-11 00:25:52,Place Albert 1er - St Charles,13,27
2026-01-11 00:25:52,Foch,1,8
2026-01-11 00:25:52,Halles Castellane,0,12
2026-01-11 00:25:52,Observatoire,6,8
2026-01-11 00:25:52,Rondelet,3,16
2026-01-11 00:25:52,Plan Cabanes,4,12
2026-01-11 00:25:52,Boutonnet,5,12
2026-01-11 00:25:52,Emile Combes,4,8
2026-01-11 00:25:52,Beaux-Arts,11,16
2026-01-11 00:25:52,Les Aubes,6,8
2026-01-11 00:25:52,Antigone centre,4,12
2026-01-11 00:25:52,Médiathèque Emile Zola,11,16
2026-01-11 00:25:52,Nombre d Or,4,16
2026-01-11 00:25:52,Louis Blanc,2,16
2026-01-11 00:25:52,Gambetta,1,8
2026-01-11 00:25:52,Port Marianne,9,16
2026-01-11 00:42:37,Rue Jules Ferry - Gare Saint-Roch,1,12
2026-01-11 00:42:37,Comédie,5,20
2026-01-11 00:42:37,Hôtel de Ville,11,16
2026-01-11 00:42:37,Corum,3,12
2026-01-11 00:42:37,Place Albert 1er - St Charles,13,27
2026-01-11 00:42:37,Foch,1,8
2026-01-11 00:42:37,Halles Castellane,0,12
2026-01-11 00:42:37,Observatoire,6,8
2026-01-11 00:42:37,Rondelet,3,16
2026-01-11 00:42:37,Plan Cabanes,5,12
2026-01-11 00:42:37,Boutonnet,5,12
2026-01-11 00:42:37,Emile Combes,4,8
2026-01-11 00:42:37,Beaux-Arts,11,16
2026-01-11 00:42:37,Les Aubes,6,8
2026-01-11 00:42:37,Antigone centre,4,12
2026-01-11 00:42:37,Médiathèque Emile Zola,11,16
2026-01-11 00:42:37,Nombre d Or,4,16
2026-01-11 00:42:37,Louis Blanc,2,16
2026-01-11 00:42:37,Gambetta,1,8
2026-01-11 00:42:37,Port Marianne,9,16
2026-01-11 00:54:12,Rue Jules Ferry - Gare Saint-Roch,1,12
2026-01-11 00:54:12,Comédie,5,20
2026-01-11 00:54:12,Hôtel de Ville,11,16
2026-01-11 00:54:12,Corum,3,12
2026-01-11 00:54:12,Place Albert 1er - St Charles,13,27
2026-01-11 00:54:12,Foch,1,8
2026-01-11 00:54:12,Halles Castellane,0,12
2026-01-11 00:54:12,Observatoire,6,8
2026-01-11 00:54:12,Rondelet,3,16
2026-01-11 00:54:12,Plan Cabanes,5,12
2026-01-11 00:54:12,Boutonnet,5,12
2026-01-11 00:54:12,Emile Combes,4,8
2026-01-11 00:54:12,Beaux-Arts,11,16
2026-01-11 00:54:12,Les Aubes,6,8
2026-01-11 00:54:12,Antigone centre,4,12
2026-01-11 00:54:12,Médiathèque Emile Zola,11,16
2026-01-11 00:54:12,Nombre d Or,4,16
2026-01-11 00:54:12,Louis Blanc,2,16
2026-01-11 00:54:12,Gambetta,1,8
2026-01-11 00:54:12,Port Marianne,9,16
2026-01-11 03:09:01,Rue Jules Ferry - Gare Saint-Roch,4,12
2026-01-11 03:09:01,Comédie,4,20
2026-01-11 03:09:01,Hôtel de Ville,12,16
2026-01-11 03:09:01,Corum,2,12
2026-01-11 03:09:01,Place Albert 1er - St Charles,13,27
2026-01-11 03:09:01,Foch,1,8
2026-01-11 03:09:01,Halles Castellane,0,12
2026-01-11 03:09:01,Observatoire,7,8
2026-01-11 03:09:01,Rondelet,3,16
2026-01-11 03:09:01,Plan Cabanes,8,12
2026-01-11 03:09:01,Boutonnet,5,12
2026-01-11 03:09:01,Emile Combes,4,8
2026-01-11 03:09:01,Beaux-Arts,11,16
2026-01-11 03:09:01,Les Aubes,7,8
2026-01-11 03:09:01,Antigone centre,0,12
2026-01-11 03:09:01,Médiathèque Emile Zola,1,16
2026-01-11 03:09:01,Nombre d Or,3,16
2026-01-11 03:09:01,Louis Blanc,1,16
2026-01-11 03:09:01,Gambetta,1,8
2026-01-11 03:09:01,Port Marianne,12,16
2026-01-11 04:57:42,Rue Jules Ferry - Gare Saint-Roch,3,12
2026-01-11 04:57:42,Comédie,2,20
2026-01-11 04:57:42,Hôtel de Ville,12,16
2026-01-11 04:57:42,Corum,1,12
2026-01-11 04:57:42,Place Albert 1er - St Charles,6,27
2026-01-11 04:57:42,Foch,1,8
2026-01-11 04:57:42,Halles Castellane,0,12
2026-01-11 04:57:42,Observatoire,4,8
2026-01-11 04:57:42,Rondelet,3,16
2026-01-11 04:57:42,Plan Cabanes,8,12
2026-01-11 04:57:42,Boutonnet,11,12
2026-01-11 04:57:42,Emile Combes,4,8
2026-01-11 04:57:42,Beaux-Arts,11,16
2026-01-11 04:57:42,Les Aubes,8,8
2026-01-11 04:57:42,Antigone centre,0,12
2026-01-11 04:57:42,Médiathèque Emile Zola,1,16
2026-01-11 04:57:42,Nombre d Or,4,16
2026-01-11 04:57:42,Louis Blanc,1,16
2026-01-11 04:57:42,Gambetta,1,8
2026-01-11 04:57:42,Port Marianne,12,16
2026-01-11 05:52:49,Rue Jules Ferry - Gare Saint-Roch,3,12
2026-01-11 05:52:49,Comédie,2,20
2026-01-11 05:52:49,Hôtel de Ville,12,16
2026-01-11 05:52:49,Corum,1,12
2026-01-11 05:52:49,Place Albert 1er - St Charles,6,27
2026-01-11 05:52:49,Foch,1,8
2026-01-11 05:52:49,Halles Castellane,0,12
2026-01-11 05:52:49,Observatoire,2,8
2026-01-11 05:52:49,Rondelet,3,16
2026-01-11 05:52:49,Plan Cabanes,8,12
2026-01-11 05:52:49,Boutonnet,11,12
2026-01-11 05:52:49,Emile Combes,2,8
2026-01-11 05:52:49,Beaux-Arts,11,16
2026-01-11 05:52:49,Les Aubes,8,8
2026-01-11 05:52:49,Antigone centre,0,12
2026-01-11 05:52:49,Médiathèque Emile Zola,1,16
2026-01-11 05:52:49,Nombre d Or,4,16
2026-01-11 05:52:49,Louis Blanc,1,16
2026-01-11 05:52:49,Gambetta,1,8
2026-01-11 05:52:49,Port Marianne,12,16
2026-01-11 06:29:03,Rue Jules Ferry - Gare Saint-Roch,4,12
2026-01-11 06:29:03,Comédie,2,20
2026-01-11 06:29:03,Hôtel de Ville,12,16
2026-01-11 06:29:03,Corum,1,12
2026-01-11 06:29:03,Place Albert 1er - St Charles,6,27
2026-01-11 06:29:03,Foch,1,8
2026-01-11 06:29:03,Halles Castellane,0,12
2026-01-11 06:29:03,Observatoire,2,8
2026-01-11 06:29:03,Rondelet,3,16
2026-01-11 06:29:03,Plan Cabanes,7,12
2026-01-11 06:29:03,Boutonnet,12,12
2026-01-11 06:29:03,Emile Combes,2,8
2026-01-11 06:29:03,Beaux-Arts,11,16
2026-01-11 06:29:03,Les Aubes,8,8
2026-01-11 06:29:03,Antigone centre,0,12
2026-01-11 06:29:03,Médiathèque Emile Zola,1,16
2026-01-11 06:29:03,Nombre d Or,4,16
2026-01-11 06:29:03,Louis Blanc,0,16
2026-01-11 06:29:03,Gambetta,1,8
2026-01-11 06:29:03,Port Marianne,12,16
2026-01-11 06:51:02,Rue Jules Ferry - Gare Saint-Roch,4,12
2026-01-11 06:51:02,Comédie,2,20
2026-01-11 06:51:02,Hôtel de Ville,12,16
2026-01-11 06:51:02,Corum,1,12
2026-01-11 06:51:02,Place Albert 1er - St Charles,6,27
2026-01-11 06:51:02,Foch,1,8
2026-01-11 06:51:02,Halles Castellane,0,12
2026-01-11 06:51:02,Observatoire,2,8
2026-01-11 06:51:02,Rondelet,3,16
2026-01-11 06:51:02,Plan Cabanes,7,12
2026-01-11 06:51:02,Boutonnet,12,12
2026-01-11 06:51:02,Emile Combes,2,8
2026-01-11 06:51:02,Beaux-Arts,11,16
2026-01-11 06:51:02,Les Aubes,8,8
2026-01-11 06:51:02,Antigone centre,0,12
2026-01-11 06:51:02,Médiathèque Emile Zola,1,16
2026-01-11 06:51:02,Nombre d Or,4,16
2026-01-11 06:51:02,Louis Blanc,0,16
2026-01-11 06:51:02,Gambetta,1,8
2026-01-11 06:51:02,Port Marianne,12,16
2026-01-11 07:37:06,Rue Jules Ferry - Gare Saint-Roch,4,12
2026-01-11 07:37:06,Comédie,2,20
2026-01-11 07:37:06,Hôtel de Ville,12,16
2026-01-11 07:37:06,Corum,1,12
2026-01-11 07:37:06,Place Albert 1er - St Charles,6,27
2026-01-11 07:37:06,Foch,1,8
2026-01-11 07:37:06,Halles Castellane,0,12
2026-01-11 07:37:06,Observatoire,2,8
2026-01-11 07:37:06,Rondelet,3,16
2026-01-11 07:37:06,Plan Cabanes,7,12
2026-01-11 07:37:06,Boutonnet,12,12
2026-01-11 07:37:06,Emile Combes,2,8
2026-01-11 07:37:06,Beaux-Arts,11,16
2026-01-11 07:37:06,Les Aubes,8,8
2026-01-11 07:37:06,Antigone centre,0,12
2026-01-11 07:37:06,Médiathèque Emile Zola,1,16
2026-01-11 07:37:06,Nombre d Or,4,16
2026-01-11 07:37:06,Louis Blanc,0,16
2026-01-11 07:37:06,Gambetta,1,8
2026-01-11 07:37:06,Port Marianne,12,16
2026-01-11 07:59:57,Rue Jules Ferry - Gare Saint-Roch,4,12
2026-01-11 07:59:57,Comédie,3,20
2026-01-11 07:59:57,Hôtel de Ville,12,16
2026-01-11 07:59:57,Corum,1,12
2026-01-11 07:59:57,Place Albert 1er - St Charles,6,27
2026-01-11 07:59:57,Foch,1,8
2026-01-11 07:59:57,Halles Castellane,0,12
2026-01-11 07:59:57,Observatoire,2,8
2026-01-11 07:59:57,Rondelet,3,16
2026-01-11 07:59:57,Plan Cabanes,7,12
2026-01-11 07:59:57,Boutonnet,12,12
2026-01-11 07:59:57,Emile Combes,2,8
2026-01-11 07:59:57,Beaux-Arts,11,16
2026-01-11 07:59:57,Les Aubes,8,8
2026-01-11 07:59:57,Antigone centre,0,12
2026-01-11 07:59:57,Médiathèque Emile Zola,1,16
2026-01-11 07:59:57,Nombre d Or,4,16
2026-01-11 07:59:57,Louis Blanc,0,16
2026-01-11 07:59:57,Gambetta,1,8
2026-01-11 07:59:57,Port Marianne,12,16
2026-01-11 08:29:48,Rue Jules Ferry - Gare Saint-Roch,4,12
2026-01-11 08:29:48,Comédie,3,20
2026-01-11 08:29:48,Hôtel de Ville,12,16
2026-01-11 08:29:48,Corum,1,12
2026-01-11 08:29:48,Place Albert 1er - St Charles,6,27
2026-01-11 08:29:48,Foch,1,8
2026-01-11 08:29:48,Halles Castellane,0,12
2026-01-11 08:29:48,Observatoire,2,8
2026-01-11 08:29:48,Rondelet,3,16
2026-01-11 08:29:48,Plan Cabanes,7,12
2026-01-11 08:29:48,Boutonnet,12,12
2026-01-11 08:29:48,Emile Combes,2,8
2026-01-11 08:29:48,Beaux-Arts,11,16
2026-01-11 08:29:48,Les Aubes,8,8
2026-01-11 08:29:48,Antigone centre,0,12
2026-01-11 08:29:48,Médiathèque Emile Zola,1,16
2026-01-11 08:29:48,Nombre d Or,4,16
2026-01-11 08:29:48,Louis Blanc,0,16
2026-01-11 08:29:48,Gambetta,1,8
2026-01-11 08:29:48,Port Marianne,12,16
2026-01-11 08:44:59,Rue Jules Ferry - Gare Saint-Roch,4,12
2026-01-11 08:44:59,Comédie,3,20
2026-01-11 08:44:59,Hôtel de Ville,12,16
2026-01-11 08:44:59,Corum,1,12
2026-01-11 08:44:59,Place Albert 1er - St Charles,6,27
2026-01-11 08:44:59,Foch,1,8
2026-01-11 08:44:59,Halles Castellane,0,12
2026-01-11 08:44:59,Observatoire,2,8
2026-01-11 08:44:59,Rondelet,3,16
2026-01-11 08:44:59,Plan Cabanes,7,12
2026-01-11 08:44:59,Boutonnet,12,12
2026-01-11 08:44:59,Emile Combes,2,8
2026-01-11 08:44:59,Beaux-Arts,11,16
2026-01-11 08:44:59,Les Aubes,8,8
2026-01-11 08:44:59,Antigone centre,0,12
2026-01-11 08:44:59,Médiathèque Emile Zola,1,16
2026-01-11 08:44:59,Nombre d Or,4,16
2026-01-11 08:44:59,Louis Blanc,0,16
2026-01-11 08:44:59,Gambetta,1,8
2026-01-11 08:44:59,Port Marianne,12,16
